,precision@5,recall@5,precision@10,recall@10,precision@20,recall@20
content,0.0003418803418803419,0.0003418803418803419,0.00017094017094017094,0.0003418803418803419,8.547008547008547e-05,0.0003418803418803419
