,precision@10,recall@10
collaborative,0.012000000000000002,0.02450980392156863
