precision@5,recall@5,precision@10,recall@10,precision@20,recall@20,strategy
0.0042897109107864475,0.005236495943163765,0.004227541187441716,0.009604758431650732,0.004041032017407522,0.01640399291765873,collaborative
0.004041032017407522,0.005331362630271003,0.003916692570718061,0.01022995070432676,0.0037228211966035697,0.018370932306128716,content
0.004227541187441716,0.005223691877521795,0.004165371464096985,0.009473794477065941,0.004041032017407522,0.016398865548344778,hybrid
