,precision@10,recall@10
collaborative,0.013999999999999999,0.061500000000000006
