,precision@5,recall@5,precision@10,recall@10,precision@20,recall@20
content,0.0003487966515521451,0.00035938512133140666,0.00017439832577607255,0.00035938512133140666,8.719916288803627e-05,0.00035938512133140666
