,precision@5,recall@5,precision@10,recall@10,precision@20,recall@20
hybrid,0.00103448275862069,0.004310344827586207,0.0015517241379310344,0.012126436781609195,0.0012068965517241378,0.016925287356321837
