,precision@5,recall@5,precision@10,recall@10,precision@20,recall@20
hybrid,0.0018486222532263692,0.006768315976547578,0.0017788629229159398,0.01284900426860664,0.001787582839204744,0.024404346670652912
