,precision@5,recall@5,precision@10,recall@10,precision@20,recall@20
collaborative,0.0018486222532263692,0.006768315976547578,0.0017614230903383328,0.012814124603451424,0.0017788629229159398,0.024556945205706976
