,precision@5,recall@5,precision@10,recall@10,precision@20,recall@20
collaborative,0.0010416666666666669,0.004050925925925927,0.0008680555555555555,0.006655092592592593,0.0019097222222222224,0.02314814814814815
