book_id,title,authors,average_rating,isbn,isbn13,language_code,num_pages,ratings_count,ratings_1,ratings_2,ratings_3,ratings_4,ratings_5,published_year,original_publication_year,original_title,image_url,publisher,description,genres
1,The Twelve Chairs,"Ilʹi︠a︡ Ilʹf, Evgeniĭ Petrov",5.0,0810114844,9780810114845,en,420,1,0,0,0,0,1,1997,1997,The Twelve Chairs,https://books.google.com/books/content?id=Ru58xAaPZxcC&printsec=frontcover&img=1&zoom=1&edge=curl&source=gbs_api,Northwestern University Press,"Ostap Bender is an unemployed con artist living by his wits in postrevolutionary Soviet Russia. He joins forces with Ippolit Matveyevich Vorobyaninov, a former nobleman who has returned to his hometown to find a cache of missing jewels which were hidden in some chairs that have been appropriated by the Soviet authorities. The search for the bejeweled chairs takes these unlikely heroes from the provinces to Moscow to the wilds of Soviet Georgia and the Trans-caucasus mountains; on their quest they encounter a wide variety of characters: from opportunistic Soviet bureaucrats to aging survivors of the prerevolutionary propertied classes, each one more selfish, venal, and ineffective than the one before.",Fiction
2,Sense and Sensibility,Jane Austen,2.57,155111125X,9781551111254,en,436,4980,1494,1245,996,747,498,2001,2001,Sense and Sensibility,https://books.google.com/books/content?id=3FkUf4Vd6sAC&printsec=frontcover&img=1&zoom=1&edge=curl&source=gbs_api,Broadview Press,"Jane Austen’s first published novel, Sense and Sensibility, is a witty satire of the sentimental novel, a popular genre in Britain throughout the 1790s and the Regency. When it first appeared in 1811, the words in its title carried significant cultural weight beyond the confines of the novel, and into both popular and learned discourse. Through her dual heroines, Austen addresses, and satirizes, notions of sense and sensibility, and engages with the issues of inheritance, marriage, and love. The story concerns two sisters: the level-headed Elinor and the passionate and impulsive Marianne. When their father dies, his son by a previous marriage assumes possession of the family home. Marianne and Elinor, left to the care of their mercenary brother John and his wife Fanny, must remove to a cottage with their mother. Each sister meets a man in whom she is interested, and as with other Austen novels, requited love does not come easily. This newly annotated edition offers a thorough and pe...",Fiction
3,三國志演義 : Romance of the three kingdoms,Guanzhong Luo,2.78,9186416198,6761278798086,zh-CN,1242,7451,2235,1862,1490,1117,747,1950,1950,三國志演義 : Romance of the three kingdoms,https://books.google.com/books/content?id=7YrxEAAAQBAJ&printsec=frontcover&img=1&zoom=1&edge=curl&source=gbs_api,พีเคพิงเคียว,三國志演義 : Romance of the three kingdoms Guanzhong Luo,Architecture
4,Ready Player Two,Ernest Cline,2.0,1524761354,9781524761356,en,385,3,0,0,0,0,3,2020,2020,Ready Player Two,https://books.google.com/books/content?id=FOHtDwAAQBAJ&printsec=frontcover&img=1&zoom=1&edge=curl&source=gbs_api,Ballantine Books,"#1 NEW YORK TIMES BESTSELLER • The thrilling sequel to the beloved worldwide bestseller Ready Player One, the near-future adventure that inspired the blockbuster Steven Spielberg film. NAMED ONE OF THE BEST BOOKS OF THE YEAR BY THE WASHINGTON POST • “The game is on again. . . . A great mix of exciting fantasy and threatening fact.”—The Wall Street Journal AN UNEXPECTED QUEST. TWO WORLDS AT STAKE. ARE YOU READY? Days after winning OASIS founder James Halliday’s contest, Wade Watts makes a discovery that changes everything. Hidden within Halliday’s vaults, waiting for his heir to find, lies a technological advancement that will once again change the world and make the OASIS a thousand times more wondrous—and addictive—than even Wade dreamed possible. With it comes a new riddle, and a new quest—a last Easter egg from Halliday, hinting at a mysterious prize. And an unexpected, impossibly powerful, and dangerous new rival awaits, one who’ll kill millions to get what he wants. Wade’s life...",Fiction
5,Journey to the Center of the Earth,Jules Verne,3.5,0553902547,9780553902549,en,242,3,0,0,0,1,2,2006,2006,Journey to the Center of the Earth,https://books.google.com/books/content?id=icKmd-tlvPMC&printsec=frontcover&img=1&zoom=1&edge=curl&source=gbs_api,Bantam,"The intrepid Professor Lindenbrock embarks upon the strangest expedition of the nineteenth century: a journey down an extinct Icelandic volcano to the Earth’s very core. In his quest to penetrate the planet’s primordial secrets, the geologist—together with his quaking nephew Axel and their devoted guide, Hans—discovers an astonishing subterranean menagerie of prehistoric proportions. Verne’s imaginative tale is at once the ultimate science fiction adventure and a reflection on the perfectibility of human understanding and the psychology of the questor. As David Brin notes in his Introduction, though Verne never knew the term “science fiction,” Journey to the Centre of the Earth is “inarguably one of the wellsprings from which it all began.”",Fiction
6,The Picture of Dorian Gray,Oscar Wilde,2.57,0359788335,9780359788330,en,188,7818,2345,1954,1563,1172,784,2019,2019,The Picture of Dorian Gray,https://books.google.com/books/content?id=6vGiDwAAQBAJ&printsec=frontcover&img=1&zoom=1&edge=curl&source=gbs_api,Lulu.com,"The Picture of Dorian Gray is the only published novel by Oscar Wilde, appearing as the lead story in Lippincott's Monthly Magazine on 20 June 1890, printed as the July 1890 issue. The magazine's editors feared the story was indecent as submitted, so they censored roughly 500 words, without Wilde's knowledge, before publication. But even with that, the story was still greeted with outrage by British reviewers, some of whom suggested that Wilde should be prosecuted on moral grounds, leading Wilde to defend the novel aggressively in letters to the British press. Today, Wilde's fin de siècle novella is considered a classic. This new edition from Immortal Books includes footnotes and images.",Fiction
7,The Vegetarian,Han Kang,4.0,0553448196,9780553448191,en,209,2,0,0,0,0,2,2016,2016,The Vegetarian,https://books.google.com/books/content?id=qtDvCAAAQBAJ&printsec=frontcover&img=1&zoom=1&edge=curl&source=gbs_api,Hogarth,"FROM HAN KANG, WINNER OF THE 2024 NOBEL PRIZE IN LITERATURE “[Han Kang’s] intense poetic prose . . . exposes the fragility of human life.”—The Nobel Committee for Literature, in the citation for the Nobel Prize A NEW YORK TIMES BESTSELLER WINNER OF THE INTERNATIONAL BOOKER PRIZE ONE OF THE NEW YORK TIMES’S 100 BEST BOOKS OF THE 21ST CENTURY “Ferocious.”—The New York Times Book Review (Ten Best Books of the Year) “Both terrifying and terrific.”—Lauren Groff “Provocative [and] shocking.”—The Washington Post Before the nightmares began, Yeong-hye and her husband lived an ordinary, controlled life. But the dreams—invasive images of blood and brutality—torture her, driving Yeong-hye to purge her mind and renounce eating meat altogether. It’s a small act of independence, but it interrupts her marriage and sets into motion an increasingly grotesque chain of events at home. As her husband, her brother-in-law and sister each fight to reassert their control, Yeong-hye obsessively defends the ...",Fiction
8,The Mayor of Casterbridge,Thomas Hardy,3.99,0140435131,9780140435139,en,470,8704,435,870,2176,3481,1742,1997,1997,The Mayor of Casterbridge,https://books.google.com/books/content?id=AlV4vm1EqN0C&printsec=frontcover&img=1&zoom=1&source=gbs_api,Penguin Classics,"Michael Henchard gets drunk at a fair and sells his wife and child for five guineas to a sailor. Henchard proves to be violent, selfish, greedy and crude, yet at the same time he is magnanimous and humble.",Fiction
9,Beach Read,Emily Henry,3.88,1984806742,9781984806741,en,401,8560,428,856,2140,3424,1712,2020,2020,Beach Read,https://books.google.com/books/content?id=lxGuDwAAQBAJ&printsec=frontcover&img=1&zoom=1&edge=curl&source=gbs_api,Penguin,"FROM THE #1 NEW YORK TIMES BESTSELLING AUTHOR OF PEOPLE WE MEET ON VACATION AND BOOK LOVERS! A romance writer who no longer believes in love and a literary writer stuck in a rut engage in a summer-long challenge that may just upend everything they believe about happily ever afters. Augustus Everett is an acclaimed author of literary fiction. January Andrews writes bestselling romance. When she pens a happily ever after, he kills off his entire cast. They’re polar opposites. In fact, the only thing they have in common is that for the next three months, they're living in neighboring beach houses, broke, and bogged down with writer's block. Until, one hazy evening, one thing leads to another and they strike a deal designed to force them out of their creative ruts: Augustus will spend the summer writing something happy, and January will pen the next Great American Novel. She’ll take him on field trips worthy of any rom-com montage, and he’ll take her to interview surviving members of a ...",Fiction
10,The Plague,Albert Camus,4.5,0679720219,9780679720218,en,312,14,0,0,1,3,10,1991,1991,The Plague,https://books.google.com/books/content?id=KVGd-NabpW0C&printsec=frontcover&img=1&zoom=1&source=gbs_api,Vintage,"“Its relevance lashes you across the face.” —Stephen Metcalf, The Los Angeles Times • “A redemptive book, one that wills the reader to believe, even in a time of despair.” —Roger Lowenstein, The Washington Post A haunting tale of human resilience and hope in the face of unrelieved horror, Albert Camus' iconic novel about an epidemic ravaging the people of a North African coastal town is a classic of twentieth-century literature. The townspeople of Oran are in the grip of a deadly plague, which condemns its victims to a swift and horrifying death. Fear, isolation and claustrophobia follow as they are forced into quarantine. Each person responds in their own way to the lethal disease: some resign themselves to fate, some seek blame, and a few, like Dr. Rieux, resist the terror. An immediate triumph when it was published in 1947, The Plague is in part an allegory of France's suffering under the Nazi occupation, and a timeless story of bravery and determination against the precariousnes...",Fiction
11,The Devil in Winter,Lisa Kleypas,5.0,0748123903,9780748123902,en,206,1,0,0,0,0,1,2011,2011,The Devil in Winter,https://books.google.com/books/content?id=0Wpa8MVFagoC&printsec=frontcover&img=1&zoom=1&edge=curl&source=gbs_api,Hachette UK,"From the New York Times bestselling author Lisa Kleypas comes the next title in the beloved romance series The Wallflowers - perfect for fans of Sarah MacLean, Julia Quinn and Eloisa James. 'Kleypas can make you laugh and cry - on the same page' Julia Quinn, Sunday Times bestselling author of the Bridgerton series 'Scorching sexual tension, hysterical banter, and a reformed rake that could melt even the hardest of hearts' Frolic The Wallflowers: four young ladies enter London society and band together to each find a husband. Has the third 'Wallflower' now met her match? 'I'm Sebastian, Lord St. Vincent. I can't be celibate. Everyone knows that.' Desperate to escape her scheming relatives, Evangeline Jenner has sought the help of the most infamous scoundrel in London. A marriage of convenience is the only solution. No one would have ever paired the shy, stammering wallflower with the sinfully handsome viscount. It quickly becomes clear, however, that Evie is a woman of hidden strengt...",Fiction
12,Mrs Dalloway,Virginia Woolf,4.52,0199536007,9780199536009,en,256,9494,94,379,949,2373,5699,2008,2008,Mrs Dalloway,https://books.google.com/books/content?id=fI72PrBXacYC&printsec=frontcover&img=1&zoom=1&source=gbs_api,Oxford Paperbacks,"Set on a hot London day in June 1923, Mrs Dalloway explores both the raw hold of the past and the brighter potential of the future. Clarissa Dalloway is the wife of an MP and an assured socialite, yet as she prepares for her party the links between her and the shell-shocked Septimus Warren Smith become ever more apparent. Mrs Dalloway is a book that is both highly experimental and deeply involving, deftly impressionistic yet firmly embedded in the crowded world of London. This new edition based on original research offers fresh insights into the context and meanings of one of Woolf's most popular and enduring works.",Fiction
13,Pride and Prejudice,Jane Austen,4.14,1528786114,9781528786119,en,307,3904,78,312,585,1366,1563,2018,2018,Pride and Prejudice,https://books.google.com/books/content?id=4DBuDwAAQBAJ&printsec=frontcover&img=1&zoom=1&edge=curl&source=gbs_api,Read Books Ltd,"Arguably one of the best-loved novels in English literature, having sold more than 20 million copies, follow the spirited Elizabeth Bennet in a timeless tale of love, class, and social intrigue. Navigating the challenges of romance and family expectations, while sparring with the proud and enigmatic Mr. Darcy. Elizabeth Bennet, a 20-year-old English woman who, as she matures, must learn the difference between the superficial and the necessary. Elizabeth, her five sisters, and their father live on Longbourn estate, a large property that will not be inherited by any of his daughters when their father dies. Because of this, it is vital that at least one of the daughters marries well so that she can support her sisters in later life. With its unforgettable characters, sharp wit, and keen insights into human nature, this beloved novel continues to captivate readers and remains a cornerstone of classic English literature.",Fiction
14,For Whom the Bell Tolls,Ernest Hemingway,3.04,1476787832,9781476787831,en,576,2696,269,404,1078,674,271,2019,2019,For Whom the Bell Tolls,https://books.google.com/books/content?id=jS2BDwAAQBAJ&printsec=frontcover&img=1&zoom=1&edge=curl&source=gbs_api,Simon and Schuster,"Introduced by Hemingway’s grandson Seán Hemingway, this newly annotated edition and literary masterpiece about an American in the Spanish Civil War features early drafts and supplementary material—including three previously uncollected short stories on war by one the greatest writers on the subject in history. In 1937 Ernest Hemingway traveled to Spain to cover the civil war for the North American Newspaper Alliance. Three years later he completed the greatest novel to emerge from “the good fight,” and one of the foremost classics of war literature in history. Published in 1940, For Whom the Bell Tolls tells of loyalty and courage, love and defeat, and the tragic death of an ideal. Robert Jordan is a young American in the International Brigades attached to an antifascist guerilla unit in the mountains of Spain. In his portrayal of Jordan’s love for the beautiful Maria and his superb account of El Sordo’s last stand, Hemingway creates a work at once rare and beautiful, strong and bru...",Fiction
15,Reunion,Fred Uhlman,4.0,0374525153,9780374525156,en,124,3,0,0,0,1,2,1997,1997,Reunion,https://books.google.com/books/content?id=FERufptqw6QC&printsec=frontcover&img=1&zoom=1&source=gbs_api,Macmillan,"""Reunion is the story of intense and innocent devotion between two young men growing up in the soft, serene, bluish hills of Swabia, and the sinister (but all too mundane) forces that end both their friendship and their childhood.""--",Fiction
16,The Uncensored Picture of Dorian Gray,"Oscar Wilde, Nicholas Frankel",1.02,0674068041,9780674068049,en,273,4317,1295,1079,863,647,433,2012,2012,The Uncensored Picture of Dorian Gray,https://books.google.com/books/content?id=eoSfHTy_jKgC&printsec=frontcover&img=1&zoom=1&edge=curl&source=gbs_api,Harvard University Press,"Over 120 years after Oscar Wilde submitted The Picture of Dorian Gray for publication, the uncensored version of his novel appears here for the first time in a paperback edition. This volume restores material, including instances of graphic homosexual content, removed by the novel’s first editor, who feared it would be “offensive” to Victorians.",Fiction
17,The Little Prince,Antoine de Saint-Exupéry,3.19,1509893474,9781509893478,en,92,60,6,9,24,15,6,2017,2017,The Little Prince,https://books.google.com/books/content?id=2jg9DwAAQBAJ&printsec=frontcover&img=1&zoom=1&edge=curl&source=gbs_api,Pan Macmillan,"'You only see clearly with your heart. The most important things are invisible to the eyes.' A pilot who has crash-landed in the Sahara Desert wakes up the next morning to a strange voice. 'Please ... will you draw me a sheep!' it says. The voice, as he soon finds out, belongs to a little prince who has left his tiny planet to travel the universe. In response to this little man's many curious questions, the pilot begins to draw a number of images and slowly comes to understand the truths about life in all its peculiarity and strangeness. The Little Prince was first published in 1943 and has since been translated into more than 250 languages. A remarkable story told with enduring charm, it soon became one of the most widely read books in the world and continues to delight readers of all ages.",Fiction
18,A Christmas Carol,Charles Dickens,4.73,9403346043,3979852335684,en,74,6878,68,275,687,1719,4129,2013,2013,A Christmas Carol,https://books.google.com/books/content?id=T7R6DwAAQBAJ&printsec=frontcover&img=1&zoom=1&edge=curl&source=gbs_api,Vintage,"Ebenezer Scrooge, a bitter and miserly old moneylender, holding everything that embodies the joys and spirit of Christmas in contempt, keeping to himself and being nasty to people. Scrooge's business partner Jacob Marley has died and Scrooge is continues the way he as always done, until one Christmas Eve night the sprite of Marley returns in chains to Scrooge to warn him of his future fate if he does not change his ways and that three spirts Christmas will come to visit him this night to show him the folly of his ways.",Fiction
19,Hunger,Knut Hamsun,2.78,7297944475,1984003276083,en,186,3302,990,825,660,495,332,2024,2024,Hunger,https://books.google.com/books/content?id=T206EQAAQBAJ&printsec=frontcover&img=1&zoom=1&edge=curl&source=gbs_api,Namaskar Books,"""Hunger"" by Knut Hamsun is a gripping and psychologically intense novel that explores the depths of human despair and the struggle for survival. The story follows an unnamed narrator, a young writer, as he experiences profound hunger and mental anguish while living in the streets of Oslo, Norway. Through the narrator's desperate search for food and shelter, Hamsun masterfully delves into the complexities of isolation, madness, and the human psyche. In ""Hunger,"" the narrator’s journey is marked by his intense internal conflict, as he grapples with his pride and dignity, even as he becomes physically and mentally ravaged by starvation. Hamsun’s writing captures the raw and painful experience of poverty, illustrating the breakdown of the mind and body when pushed to extreme limits. The novel reveals the fragility of the human spirit and the paradox of being consumed by hunger while simultaneously striving for self-worth and recognition. ""Hunger"" is often regarded as a pioneering work i...",Fiction
20,The Prince and the Pauper,Mark Twain,2.0,1623959322,9781623959326,en,218,8129,2438,2032,1625,1219,815,2015,2015,The Prince and the Pauper,https://books.google.com/books/content?id=CssmCwAAQBAJ&printsec=frontcover&img=1&zoom=1&edge=curl&source=gbs_api,Xist Publishing,"A Classic Story of Switched Identity “When I am king they shall not have bread and shelter only, but also teachings out of books, for a full belly is little worth where the mind is starved.” ― Mark Twain, The Prince and the Pauper The Prince and the Pauper by Mark Twain is an 1881 novel that has been adapted many times. When a young poor boy wanders near the palace gates, he meets the Prince of Wales (Edward VI) who bears an uncanny resemblance. They decide to switch clothes and end up switching roles. Edward discovers the stark class inequality in England and Tom struggles to survive as the prince. When the king dies, Edward must race against the clock and the bounds of society to regain his rightful throne. This Xist Classics edition has been professionally formatted for e-readers with a linked table of contents. This eBook also contains a bonus book club leadership guide and discussion questions. We hope you’ll share this book with your friends, neighbors and colleagues and can’t...",Juvenile Fiction
21,Robinson Crusoe,Daniel Defoe,5.0,1843441195,9781843441199,en,288,1,0,0,0,0,1,2013,2013,Robinson Crusoe,https://books.google.com/books/content?id=r-6MAgAAQBAJ&printsec=frontcover&img=1&zoom=1&edge=curl&source=gbs_api,Oldcastle Books,"One man's love of the sea leaves him stranded on a desert island with nothing but a few goats, a bible and a parrot for company. Will he ever escape? Will his new pal Friday learn to efficiently press a goatskin jerkin? Or will solitude send him totally barmy? Pulp! The Classics is a new imprint that gives the nation's favourite classic novels original retro covers in a pulp fiction style - with a dash of wry humour. Redesigned and reset, using the original unabridged text from some of the best writers that have ever lived, Pulp! The Classics promises readers their favourite books with stunning and highly original jackets.",Fiction
22,The Kingdom of God is Within You - Christiany not as a Mystic Religion but as a New Theory of Life,Leo Tolstoi,1.42,3849203719,9783849203719,en,15,9325,2797,2331,1865,1398,934,2018,2018,The Kingdom of God is Within You - Christiany not as a Mystic Religion but as a New Theory of Life,https://books.google.com/books/content?id=cGxUDwAAQBAJ&printsec=frontcover&img=1&zoom=1&edge=curl&source=gbs_api,BoD – Books on Demand,Reproduction of the original: The Kingdom of God is Within You - Christiany not as a Mystic Religion but as a New Theory of Life by Leo Tolstoi,Fiction
23,The Pilgrim's Progress,John Bunyan,3.93,0192803611,9780192803610,en,393,2683,134,268,670,1073,538,2003,2003,The Pilgrim's Progress,https://books.google.com/books/content?id=Mn7x7omVZHwC&printsec=frontcover&img=1&zoom=1&edge=curl&source=gbs_api,"Oxford University Press, USA","""The Pilgrim's Progress"" has inspired readers for over three centuries and is a classic of the heroic Puritan tradition and a founding text in the development of the English novel. This Oxford World's Classics edition features illustrations that appeared with the book in Bunyan's lifetime.",Fiction
24,The Odyssey of Homer,Homer,4.5,0553897772,9780553897777,en,559,2,0,0,0,0,2,2005,2005,The Odyssey of Homer,https://books.google.com/books/content?id=ORyo8qAA-CQC&printsec=frontcover&img=1&zoom=1&edge=curl&source=gbs_api,Bantam Classics,"Homer's epic chronicle of the Greek hero Odysseus' journey home from the Trojan War has inspired writers from Virgil to James Joyce. Odysseus survives storm and shipwreck, the cave of the Cyclops and the isle of Circe, the lure of the Sirens' song and a trip to the Underworld, only to find his most difficult challenge at home, where treacherous suitors seek to steal his kingdom and his loyal wife, Penelope. Favorite of the gods, Odysseus embodies the energy, intellect, and resourcefulness that were of highest value to the ancients and that remain ideals in out time. In this new verse translation, Allen Mandelbaum--celebrated poet and translator of Virgil's Aeneid and Dante's Divine Comedy --realizes the power and beauty of the original Greek verse and demonstrates why the epic tale of The Odyssey has captured the human imagination for nearly three thousand years.",Fiction
25,A Study in Scarlet,Arthur Conan Doyle,3.54,3736417284,9783736417281,en,164,989,49,98,247,395,200,2016,2016,A Study in Scarlet,https://books.google.com/books/content?id=_wyvEAAAQBAJ&printsec=frontcover&img=1&zoom=1&edge=curl&source=gbs_api,anboco,"A Study in Scarlet, detective novel by Conan Doyle, written in 1886, the story marks the first appearance of Sherlock Holmes and Dr. Watson, who would become two of the most famous characters in popular fiction. The book's title derives from a speech given by Holmes, an amateur detective, to his friend and chronicler Watson on the nature of his work, in which he describes the story's murder investigation as his ""study in scarlet"": ""There's the scarlet thread of murder running through the colourless skein of life, and our duty is to unravel it, and isolate it, and expose every inch of it."" The story, and its main characters, attracted little public interest when it first appeared. Only 11 complete copies of the magazine in which the story first appeared, Beeton's Christmas Annual for 1887, are known to exist now and they have considerable value. Although Conan Doyle wrote 56 short stories featuring Holmes, A Study in Scarlet is one of only four full-length novels in the original cano...",Fiction
26,Go,John Clellon Holmes,4.0,1504022297,9781504022293,en,314,1,0,0,0,0,1,2015,2015,Go,https://books.google.com/books/content?id=bPF3CgAAQBAJ&printsec=frontcover&img=1&zoom=1&edge=curl&source=gbs_api,Open Road Media,"Before the world knew Kerouac, Ginsberg, and Cassady, this “brilliant and important” novel chronicled the author’s early years among the Beats (Los Angeles Free Press). Published five years before On the Road, this candid and perceptive roman à clef chronicles the adventures of Jack Kerouac, Allen Ginsberg, and Neal Cassady before they became literary icons. In dive bars and all-night diners, cabs racing across Manhattan and squalid apartments sticky with “tea” smoke, these would-be artists pursue the ecstatic experiences that shape their work and satisfy their restless desire to live beyond the limits of convention. At the heart of Go is Paul Hobbes, the alter ego of John Clellon Holmes. An aspiring novelist who shares the same creative interests as his friends, Paul frequently participates in their reckless, self-indulgent behavior. Yet his innate solemnness makes him an outsider, as does his commitment to his marriage. As Paul seeks to strike the right balance between experimenta...",Fiction
27,The Arabian Nights,"Sarah Brown, James Smith",2.0,0812972147,9780812972146,en,414,8501,2550,2125,1700,1275,851,2004,2004,The Arabian Nights,https://books.google.com/books/content?id=sSSPEAAAQBAJ&printsec=frontcover&img=1&zoom=1&source=gbs_api,National Geographic Books,"Full of mischief, valor, ribaldry, and romance, The Arabian Nights has enthralled readers for centuries. These are the tales that saved the life of Shahrazad, whose husband, the king, executed each of his wives after a single night of marriage. Beginning an enchanting story each evening, Shahrazad always withheld the ending: A thousand and one nights later, her life was spared forever. This volume reproduces the 1932 Modern Library edition, for which Bennett A. Cerf chose the most famous and representative stories from Sir Richard F. Burton's multivolume translation, and includes Burton's extensive and acclaimed explanatory notes. These tales, including Alaeddin; or, the Wonderful Lamp, Sinbad the Seaman and Sinbad the Landsman, and Ali Baba and the Forty Thieves, have entered into the popular imagination, demonstrating that Shahrazad's spell remains unbroken.",Fiction
28,The Prophet,Kahlil Gibran,5.0,0141910879,9780141910871,en,88,1,0,0,0,0,1,2002,2002,The Prophet,https://books.google.com/books/content?id=lTWL-jN8V7EC&printsec=frontcover&img=1&zoom=1&edge=curl&source=gbs_api,Penguin UK,"A hugely influential philosophical work of prose poetry, Kahlil Gibran's The Prophet is an inspirational, allegorical guide to living, and this Penguin Modern Classics edition includes an introduction by Robin Waterfield. First published in the 1920's, The Prophet is perhaps the most famous work of religious fiction of the twentieth century, and has sold millions of copies in more than twenty languages. Gibran's Prophet speaks of many things central to daily life: love, marriage, death, beauty, passion, eating, work and play. The spiritual message he imparts, of finding divinity through love, blends eastern mysticism, religious faith and philosophy with simple advice. The Prophet became the bible of 1960s culture and was credited with founding the New Age movement, yet it still continues to inspire people around the world today. This edition is illustrated with Gibran's famous visionary paintings. Kahlil Gibran (1883-1931) was a poet, philosopher and artist, who stands among the mos...",Fiction
29,Solaris,Stanisław Lem,1.76,3509855459,1208910708504,en,230,8120,2436,2030,1624,1218,812,1971,1971,Solaris,https://books.google.com/books/content?id=IS_yAAAAMAAJ&printsec=frontcover&img=1&zoom=1&source=gbs_api,Berkley Books,"A science fiction novel about a sentient ocean that was the ruling intelligence of Solaris. Its vast mindand enigmatic personality exerted a powerful force on those humans who contacted it. And to Kris Kelvin, a galactic researcher from Earth, it had presented a strange and awesome gift ...",Fiction
30,RUR,Karel Capek,2.0,1473208033,9781473208032,en,65,6635,1990,1658,1327,995,665,2013,2013,RUR,https://books.google.com/books/content?id=SFlJAgAAQBAJ&printsec=frontcover&img=1&zoom=1&edge=curl&source=gbs_api,Hachette UK,"R.U.R. - written in 1920, premiered in Prague in 1921, and first performed in New York in 1922 - garnered worldwide acclaim for its author and popularized the word 'robot'. Mass-produced as efficient laborers to serve man, Capek's Robots are an android product-they remember everything but think of nothing new. But the Utopian life they provide ultimately lacks meaning, and the humans they serve stop reproducing. When the Robots revolt, killing all but one of their masters, they must strain to learn the secret of self-duplication. It is not until two Robots fall in love and are christened ""Adam"" and ""Eve"" by the last surviving human that Nature emerges triumphant.",Fiction
31,The Absolute at Large,Karel Capek,2.4,0486841383,9780486841380,en,179,7211,2163,1802,1442,1081,723,2019,2019,The Absolute at Large,https://books.google.com/books/content?id=erKhDwAAQBAJ&printsec=frontcover&img=1&zoom=1&edge=curl&source=gbs_api,Courier Dover Publications,"""One of the genuine masterpieces of sci-fi."" — R. D. Mullen In this satirical and enduringly relevant work of science fiction, the acclaimed Czech author Karel Čapek offers a prescient fable of the benefits and dangers of atomic power. Originally published in 1922, the story is set in a then-futuristic Czechoslovakia of 1943, in which an inventor develops the Karburator, a device with the potential to provide abundant low-cost energy. But the reactor's exciting possibilities are shadowed by its dangerous side effect: instead of carbon dioxide, it emits the Absolute, a spiritual essence that inspires a powerful religious fervor. Greed triumphs over ethics as the inventor and his business partner proceed with mass production of the Karburator, resulting in simmering religious strife that ignites a world war. Karel Čapek is best known for popularizing the term ""robot"" in his play R.U.R., a seminal work of science fiction in which the robots are metaphors for a world dehumanized by soci...",Fiction
32,A Tale of Two Cities,Charles Dickens,1.73,2292105250,1433026060452,en,469,5662,1698,1415,1132,849,568,2019,2019,A Tale of Two Cities,https://books.google.com/books/content?id=MBwZEAAAQBAJ&printsec=frontcover&img=1&zoom=1&edge=curl&source=gbs_api,Standard Ebooks,"A doctor is released from the Bastille after being falsely imprisoned for almost eighteen years. A young woman discovers the father she’s never known is not dead but alive, if not entirely well. A young man is acquitted of being a traitor, due in part to the efforts of a rather selfish lout who is assisting the young man’s attorney. A man has a wine shop in Paris with a wife who knits at the bar. These disparate elements are tied together as only Dickens can, and in the process he tells the story of the French Revolution. Charles Dickens was fascinated by Thomas Carlyle’s magnum opus The French Revolution; according to Dickens’ letters, he read it “500 times” and carried it with him everywhere while he was working on this novel. When he wrote to Carlyle asking him for books to read on background, Carlyle sent him two cartloads full. Dickens mimicked Carlyle’s style, his chronology, and his overall characterization of the revolution; although A Tale of Two Cities is fiction, the hist...",Fiction
33,Jacob's Room,Virgina Woolf,3.77,1681951606,9781681951607,en,183,8820,441,882,2205,3528,1764,2015,2015,Jacob's Room,https://books.google.com/books/content?id=a98mCwAAQBAJ&printsec=frontcover&img=1&zoom=1&edge=curl&source=gbs_api,Xist Publishing,"A Nonconformist Novel with No Central Character “Either we are men, or we are women. Either we are cold, or we are sentimental. Either we are young, or growing old. In any case life is but a procession of shadows, and God knows why it is that we embrace them so eagerly, and see them depart with such anguish, being shadows.” - Virginia Woolf, Jacob's Room Jacob’s Room is not your typical Victorian English novel. The fact that there is no real protagonist stands out the most. Jacob is not actually a character, only a collection of memories, feelings and sensations. His life is like a room seen through the eyes of other people. This Xist Classics edition has been professionally formatted for e-readers with a linked table of contents. This eBook also contains a bonus book club leadership guide and discussion questions. We hope you’ll share this book with your friends, neighbors and colleagues and can’t wait to hear what you have to say about it.",Fiction
34,I'm Not Stiller,Max Frisch,5.0,1564784509,9781564784506,en,388,1,0,0,0,0,1,2006,2006,I'm Not Stiller,https://books.google.com/books/content?id=hMQeNOoWGNEC&printsec=frontcover&img=1&zoom=1&source=gbs_api,Dalkey Archive Press,"""Readers cannot but feel the force of what remains one of the most important novels of the post-war years."" Times Literary Supplement",Fiction
35,Humboldt's Gift,Saul Bellow,3.14,0143105477,9780143105473,en,513,2130,213,319,852,532,214,2008,2008,Humboldt's Gift,https://books.google.com/books/content?id=gJFPEAAAQBAJ&printsec=frontcover&img=1&zoom=1&source=gbs_api,Penguin,"Winner of the Pulitzer Prize for Fiction “I think it A Work of genius, I think it The Work of a Genius, I think it brilliant, splendid, etc. If there is literature (and this proves there is) this is where it’s at.” –John Cheever A Penguin Classic Saul Bellow’s Pulitzer Prize-winning novel explores the long friendship between Charlie Citrine, a young man with an intense passion for literature, and the great poet Von Humboldt Dleisher. At the time of Humboldt’s death, Charlie’s life is falling apart: his career is at a standstill, and he’s enmeshed in an acrimonious divorce, infatuated with a highly unsuitable young woman, and involved with a neurotic Mafioso. And then Humboldt acts from beyond the grave, bestowing upon Charlie an unexpected legacy that may just help him turn his life around. This Penguin Classics edition features an introduction by Jeffrey Eugenides. For more than seventy years, Penguin has been the leading publisher of classic literature in the English-speaking worl...",Fiction
36,The Mystery of Edwin Drood,Charles Dickens,4.25,0199554617,9780199554614,en,273,4657,93,372,698,1629,1865,2009,2009,The Mystery of Edwin Drood,https://books.google.com/books/content?id=6YQ7s4N3A00C&printsec=frontcover&img=1&zoom=1&edge=curl&source=gbs_api,Oxford Paperbacks,"'Where is my nephew?, asked Mr Jasper, wildly. 'Where is your nephew?' repeated Neveille. 'Why do you ask me?' 'I ask you,' retorted Jasper, 'because you were the last person in his company, and he is not to be found.' The Mystery of Edwin Drood, Dickens's last novel, lay unfinished at his death. Speculation remains rife as to its probably conclusion; evidence suggests that, fascinated as Dickens was by details of the plotting, his basic concern was for character and appropriate setting, in particular the character of the hero-villain, Jasper. The ancient city of Cloisterham, its cathedral a reminder of mortality, human frailty, and the lawful life, is an effective background for what Dickens daughter called a tale of 'the tragic secrets of the human heart'. Humour is provided by a host of characters ranging fro Mr Grewgious, the admirable though eccentric lawyer, and Miss Twinkleton, guardian of the Young Ladies' Seminary, to Durdles, the hard-drinking stonemason, and Deputy, the i...",Fiction
37,Midaq Alley,Najīb Maḥfūẓ,5.0,1813977909,1413766761687,en,314,1,0,0,0,0,1,1992,1992,Midaq Alley,https://books.google.com/books/content?id=h-xkAAAAMAAJ&printsec=frontcover&img=1&zoom=1&source=gbs_api,Anchor,"Considered by many to be Mahfouz's best novel, ""Midaq Alley centers around the residents of one of the hustling, teeming back alleys of Cairo. No other novel so vividly evokes the sights and sounds of the city. The universality and timelessness of this book cannot be denied.",Fiction
38,Growth of the Soil,Knut Hamsun,4.9,0394717813,9780394717814,en,449,225,2,9,22,56,136,1972,1972,Growth of the Soil,https://books.google.com/books/content?id=54xEDwAAQBAJ&printsec=frontcover&img=1&zoom=1&source=gbs_api,Vintage,The story of an elemental existence in rural Norway.,Fiction
39,The Life of Insects,Viktor Pelevin,4.98,3177269593,8684308516641,en,196,8457,84,338,845,2114,5076,1999,1999,The Life of Insects,https://books.google.com/books/content?id=DmopAQAAIAAJ&printsec=frontcover&img=1&zoom=1&source=gbs_api,Penguin Group,"A comic, Kafkaesque satire of contemporary Russia, written by one of the most promising young writers in Europe. A trio of investors--one American and two Russians--are discussing business prospects in the Crimea, when they suddenly find they have morphed into insects.",Fiction
40,From the Earth to the Moon,Jules Verne,4.67,0553214209,9780553214208,en,772,535,5,21,53,133,323,1993,1993,From the Earth to the Moon,https://books.google.com/books/content?id=hfuNEAAAQBAJ&printsec=frontcover&img=1&zoom=1&source=gbs_api,National Geographic Books,"Written almost a century before the daring flights of the astronauts, Jules Verne’s prophetic novel of man’s race to the stars is a classic adventure tale enlivened by broad satire and scientific acumen. When the members of the elite Baltimore Gun Club find themselves lacking any urgent assignments at the close of the Civil War, their president, Impey Barbicane, proposes that they build a gun big enough to launch a rocket to the moon. But when Barbicane’s adversary places a huge wager that the project will fail and a daring volunteer elevates the mission to a “manned” flight, one man’s dream turns into an international space race. A story of rip-roaring action, humor, and wild imagination, From the Earth to the Moon is as uncanny in its accuracy and as filled with authentic detail and startling immediacy as Verne’s timeless masterpieces 20,000 Leagues Under the Sea and Around the World in Eighty Days.",Fiction
41,The Assassin's Blade,Sarah J. Maas,5.0,1408851989,9781408851982,en,465,1,0,0,0,0,1,2014,2014,The Assassin's Blade,https://books.google.com/books/content?id=xLacAgAAQBAJ&printsec=frontcover&img=1&zoom=1&edge=curl&source=gbs_api,A&C Black,"Celaena Sardothien is Adarlan's most feared assassin. As part of the Assassins' Guild, her allegiance is to her master, Arobynn Hamel, yet Celaena listens to no one and trusts only her fellow killer-for-hire, Sam. In these action-packed prequel novellas - together in one edition for the first time - Celaena embarks on five daring missions. They take her from remote islands to hostile deserts, where she fights to liberate slaves and seeks to avenge the tyrannous. But she is acting against Arobynn's orders and could suffer an unimaginable punishment for such treachery ...Explore the dark underworld of this kick-ass heroine and find out how the legend begins in the five page-turning prequel novellas to the New York Times bestselling Throne of Glass series.",Juvenile Fiction
42,Through the Looking Glass,Lewis Carroll,4.0,0219928656,4547154734522,en,232,4,0,0,0,1,3,1897,1897,Through the Looking Glass,https://books.google.com/books/content?id=i2MCAAAAYAAJ&printsec=frontcover&img=1&zoom=1&edge=curl&source=gbs_api,Cambridge University Press,"In this sequel to Alice in Wonderland, Alice climbs through a mirror in her room and enters a world similar to a chess board where she experiences many curious adventures with its fantastic inhabitants.",Adventure and adventurers
43,The Wind in the Willows,Kenneth Grahame,4.5,185326122X,9781853261220,en,202,7,0,0,0,1,6,1993,1993,The Wind in the Willows,https://books.google.com/books/content?id=Mo7D3Je7_DMC&printsec=frontcover&img=1&zoom=1&edge=curl&source=gbs_api,Wordsworth Editions,"The escapades of four animal friends who live along a river in the English countryside--Toad, Mole, Rat, and Badger.",Juvenile Fiction
44,Peter Pan,James Matthew Barrie,2.57,1402754264,9781402754265,en,164,4259,1277,1064,851,638,429,2008,2008,Peter Pan,https://books.google.com/books/content?id=WdM_qxJq8T8C&printsec=frontcover&img=1&zoom=1&edge=curl&source=gbs_api,"Sterling Publishing Company, Inc.","The adventures of the three darling children in Never-Never Land with Peter Pan, the boy who would not grow up.",Fiction
45,The Voyage of the Dawn Treader,Clive Staples Lewis,4.33,0006716652,9780006716655,en,196,4379,87,350,656,1532,1754,1980,1980,The Voyage of the Dawn Treader,https://books.google.com/books/content?id=BvTfFGrRzsAC&printsec=frontcover&img=1&zoom=1&source=gbs_api,HarperCollins Children's Books,"When evil comes to Narnia, Jill and Eustace help fight the great last battle and Aslan leads his people to a glorious new paradise.",Juvenile Fiction
46,The Wizard of Oz,Lyman Frank Baum,3.0,1905716524,9781905716524,en,188,3,0,0,1,0,2,2009,2009,The Wizard of Oz,https://books.google.com/books/content?id=hRd7dJ-9G1IC&printsec=frontcover&img=1&zoom=1&edge=curl&source=gbs_api,Collector's Library,"After a cyclone transports her to the land of Oz, Dorothy must seek out the great wizard in order to return to Kansas.",Fiction
47,Throne of Glass,Sarah J. Maas,2.21,140883233X,9781408832332,en,419,1224,367,306,244,183,124,2012,2012,Throne of Glass,https://books.google.com/books/content?id=D8GIcKPGNR8C&printsec=frontcover&img=1&zoom=1&edge=curl&source=gbs_api,A&C Black,"A hugely commercial, fabulously addictive fantastical romp - from an author with top-notch digital self-publishing pedigree and legions of fans awaiting publication",Fiction
48,The Farthest Shore,Ursula K. Le Guin,4.41,144245993X,9781442459939,en,288,7070,141,565,1060,2474,2830,2012,2012,The Farthest Shore,https://books.google.com/books/content?id=oFx10MKHEsgC&printsec=frontcover&img=1&zoom=1&edge=curl&source=gbs_api,Simon and Schuster,"When the prince of Enlad declares the wizards have forgotten their spells, Ged sets out to test the ancient prophecies of Earthsea.",Juvenile Fiction
49,The Golden Compass,Philip Pullman,1.25,0345413350,9780345413352,en,372,2541,762,635,508,381,255,1997,1997,The Golden Compass,https://books.google.com/books/content?id=cvbXm1rhJeIC&printsec=frontcover&img=1&zoom=1&source=gbs_api,Del Rey,"Accompanied by her daemon, Lyra Belacqua sets out to prevent her best friend and other kidnapped children from becoming the subject of gruesome experiments in the Far North.",Fiction
50,A Game of Thrones,George R. R. Martin,4.5,4792634557,9959461132964,en,876,131,1,5,13,32,80,2011,2011,A Game of Thrones,https://books.google.com/books/content?id=bIZiAAAAMAAJ&printsec=frontcover&img=1&zoom=1&source=gbs_api,Bantam,Fantasy-roman.,Fiction
51,Harry Potter and the Deathly Hallows,J. K. Rowling,4.5,6134875400,4929233052140,en,792,92,0,3,9,23,57,2007,2007,Harry Potter and the Deathly Hallows,https://books.google.com/books/content?id=GZAoAQAAIAAJ&printsec=frontcover&img=1&zoom=1&source=gbs_api,Hachette Book Group,"At a time when the forces of evil seem to be gaining the upper hand, Harry comes of age in the wizarding world, and must take on and defeat Voldemort--or be killed himself.",Juvenile Fiction
52,Bloodmarked,Tracy Deonn,1.2,1534441638,9781534441637,en,576,3645,1093,911,729,546,366,2022,2022,Bloodmarked,https://books.google.com/books/content?id=S9RJEAAAQBAJ&printsec=frontcover&img=1&zoom=1&edge=curl&source=gbs_api,Simon and Schuster,"""When the leaders of the Order reveal that they will do everything in their power to keep the approaching demon war a secret, Bree and her friends go on the run so she can learn how to control her devastating new powers.""--",Young Adult Fiction
53,Moominland Midwinter,Tove Jansson,3.27,0374350418,9780374350413,en,160,7840,784,1176,3136,1960,784,1992,1992,Moominland Midwinter,https://books.google.com/books/content?id=bNBXAwAAQBAJ&printsec=frontcover&img=1&zoom=1&source=gbs_api,Macmillan,"Everyone knows that the Moomins sleep through the winter, but this year Moomintroll discovers that winter is worth waking up for after all.",Juvenile Fiction
54,Charlie and the Great Glass Elevator,Roald Dahl,1.19,3849638353,3838671629192,en,180,5525,1657,1381,1105,828,554,1988,1988,Charlie and the Great Glass Elevator,https://books.google.com/books/content?id=UYIrAQAAMAAJ&printsec=frontcover&img=1&zoom=1&source=gbs_api,Puffin,"Mr. Willy Wonka might be a genius with chocolate, but Charlie and his family don't trust his flying skills one bit. And right now, he's at the helm of a giant glass elevator that's picking up speed and hurtling through space -- with Charlie and the entire Bucket family stuck inside! Roald Dahl's uproarious sequel to ""Charlie and the Chocolate Factory"" is certain to delight and entertain a new generation of readers. ""From the Hardcover edition.""",Juvenile Fiction
55,Graceling,Kristin Cashore,4.5,015206396X,9780152063962,en,492,48,0,1,4,12,31,2008,2008,Graceling,https://books.google.com/books/content?id=vToaYGUhFr8C&printsec=frontcover&img=1&zoom=1&edge=curl&source=gbs_api,Houghton Mifflin Harcourt,"With elegant, evocative prose and a cast of unforgettable characters, a debut author creates a mesmerizing medieval world, a death-defying adventure, and a heart-racing romance that will captivate readers.",Juvenile Fiction
56,The Brothers Lionheart,Astrid Lindgren,1.05,1930900244,9781930900240,en,575,4848,1454,1212,969,727,486,2004,2004,The Brothers Lionheart,https://books.google.com/books/content?id=z2QJAAAACAAJ&printsec=frontcover&img=1&zoom=1&source=gbs_api,Scholastic,"Two brothers share many adventures after their death when they are reunited in Nangiyala, the land from which sagas come.",Juvenile Fiction
57,"The Hobbit, Or, There and Back Again",John Ronald Reuel Tolkien,3.67,0261103342,9780261103344,en,302,27,1,2,6,10,8,1996,1996,"The Hobbit, Or, There and Back Again",https://books.google.com/books/content?id=Ts_gmPmzxtUC&printsec=frontcover&img=1&zoom=1&source=gbs_api,HarperCollins UK,"The Lord of the Rings is an epic adventure, a beautifully written masterpiece of imaginative fiction of the 20th century.",Fiction
58,A Wizard of Earthsea,Ursula K. Le Guin,4.44,0547851391,9780547851396,en,267,1178,23,94,176,412,473,2012,2012,A Wizard of Earthsea,https://books.google.com/books/content?id=FD72ekYZqIkC&printsec=frontcover&img=1&zoom=1&edge=curl&source=gbs_api,Houghton Mifflin Harcourt,"Originally published in 1968, Ursula K. Le Guin's A Wizard of Earthsea marks the first of the six now beloved Earthsea titles. Ged was the greatest sorcerer in Earthsea, but in his youth he was the reckless Sparrowhawk. In his hunger for power and knowledge, he tampered with long-held secrets and loosed a terrible shadow upon the world. This is the tumultuous tale of his testing, how he mastered the mighty words of power, tamed an ancient dragon, and crossed death's threshold to restore the balance.",Juvenile Fiction
59,The Borrowers,Mary Norton,4.0,0152047379,9780152047375,en,196,12,0,0,1,4,7,1953,1953,The Borrowers,https://books.google.com/books/content?id=WPnebZVDkNAC&printsec=frontcover&img=1&zoom=1&source=gbs_api,Houghton Mifflin Harcourt,"The story of a family of miniature people who live in a quiet, out-of-the-way country house and who tried never to be seen by human beings.",Juvenile Fiction
60,The Silver Chair,Clive Staples Lewis,2.85,0006716814,9780006716815,en,260,800,240,200,160,120,80,1998,1998,The Silver Chair,https://books.google.com/books/content?id=Pnqx6B2lF60C&printsec=frontcover&img=1&zoom=1&source=gbs_api,HarperCollins UK,"Two English children undergo hair-raising adventures as they go on a search and rescue mission for the missing Prince Rilian, who is held captive in the underground kingdom of the Emerald Witch.",Juvenile Fiction
61,Peter and Wendy,James Matthew Barrie,4.5,0645435008,4384057448108,en,330,13,0,0,1,3,9,1911,1911,Peter and Wendy,https://books.google.com/books/content?id=9YEOAAAAIAAJ&printsec=frontcover&img=1&zoom=1&source=gbs_api,Cambridge University Press,"The adventures of Peter Pan, the boy who would not grow up.",Children
62,The Tales of Beedle the Bard,J. K. Rowling,4.5,3871413042,4769847735839,en,136,16,0,0,1,4,11,2008,2008,The Tales of Beedle the Bard,https://books.google.com/books/content?id=0MULAQAAMAAJ&printsec=frontcover&img=1&zoom=1&source=gbs_api,Bloomsbury Children's Books,"'And As For This Book,' Said Hermione, The Tales Of Beedle The Bard... I&Rsquo;Ve Never Even Heard Of Them!' 'You&Rsquo;Ve Never Heard Of The Tales Of Beedle The Bard?' Said Ron Incredulously. 'You'Re Kidding, Right?' (Taken From Harry Potter And The Deathly Hallows) Bloomsbury, In Association With The Children'S High Level Group, Is Delighted To Announce The Tales Of Beedle The Bard, The First New Book From J. K. Rowling Since The Publication Of The Final Book In The Harry Potter Series, Harry Potter And The Deathly Hallows. The Tales Of Beedle The Bard, Played A Crucial Role In Assisting Harry, Aided By His Friends Ron And Hermione, To Finally Defeat Lord Voldemort. Fans Will Be Thrilled To Have This Opportunity To Read The Tales In Full. The Tales Of Beedle The Bard Is Without Doubt An Exciting Addition To The Canon Of Harry Potter. They Also Reveal The Wonderful Versatility Of The Author, As She Tackles With Relish The Structure And Varying Tones Of A Classic Fairy Tale. There A...",Fiction
63,Crown of Midnight,Sarah J. Maas,3.5,1619630621,9781619630628,en,435,3,0,0,0,1,2,2013,2013,Crown of Midnight,https://books.google.com/books/content?id=uZEkAAAAQBAJ&printsec=frontcover&img=1&zoom=1&source=gbs_api,Bloomsbury Publishing USA,"It puts this entire castle in jeopardy ... and the life of your friend.""",Juvenile Fiction
65,The Lord of the Rings,John Ronald Reuel Tolkien,4.5,8756586882,1403281403910,en,1176,11,0,0,1,2,8,2001,2001,The Lord of the Rings,https://books.google.com/books/content?id=ptHZAAAAMAAJ&printsec=frontcover&img=1&zoom=1&source=gbs_api,Mariner Books,Contains the complete set of the six books of Lord of the Rings.,Fiction
66,The Handmaid's Tale,Margaret Atwood,3.56,0099740915,9780099740919,en,322,1186,59,118,296,474,239,1996,1996,The Handmaid's Tale,https://books.google.com/books/content?id=mKOjMctROckC&printsec=frontcover&img=1&zoom=1&source=gbs_api,Random House,"The Republic of Gilead offers Offred only one function - to breed. If she deviates, she will be killed. But even an oppressive state cannot obliterate desire - neither Offred's nor that of the two men on which her future hangs.",Fiction
67,Queen of Shadows,Sarah J. Maas,3.57,1619636042,9781619636040,en,661,6228,311,622,1557,2491,1247,2015,2015,Queen of Shadows,https://books.google.com/books/content?id=RiVUCgAAQBAJ&printsec=frontcover&img=1&zoom=1&source=gbs_api,Bloomsbury Publishing USA,"""Everyone Celaena Sardothien loves has been taken from her. Embracing her identity as Aelin Galathynius, Queen of Terrasen, Celaena returns to the empire--for vengeance, to rescue her once-glorious kingdom, and to confront the shadows of her past""--",Juvenile Fiction
68,The Wonderful Wizard of Oz,L. Frank Baum,4.84,5946796123,2901336064723,en,191,7367,73,294,736,1841,4423,1968,1968,The Wonderful Wizard of Oz,https://books.google.com/books/content?id=SABF4MA4uiQC&printsec=frontcover&img=1&zoom=1&source=gbs_api,Random House Books for Young Readers,"In the first of L. Frank Baum's time-honored Oz novels, country girl Dorothy Gale gets whisked away by a cyclone to the fantastical Land of Oz. Dropped into the midst of trouble when her farmhouse crushes a tyrannical sorceress, Dorothy incurs the wrath of the Wicked Witch of the West. Dorothy is desperate to return to her native Kansas, and, aided by the Good Witch of the North, she sets out for the Emerald City to get help from the legendary Wizard. On her way, she meets three unlikely allies who embody key human virtues—the Scarecrow, the Tin Woodman, and the Cowardly Lion.",Fantasy
70,The Wonderful Wizard of Oz,Lyman Frank Baum,1.74,9212637839,7516369066151,en,224,4223,1266,1055,844,633,425,1999,1999,The Wonderful Wizard of Oz,https://books.google.com/books/content?id=yT9aAAAAMAAJ&printsec=frontcover&img=1&zoom=1&edge=curl&source=gbs_api,Oxford University Press,"The Wonderful Wizard of Oz remains one of the world's most beloved and widely read books. Throughout a century of remarkable change, the popularity of L. Frank Baum's classic tale has endured and grown, embraced by generation after generation of children and the young at heart. To honour the centennial of its publication in 1900, the University Press of Kansas is presenting this special anniversary edition that combines Baum's original text with the contributions of two renowned artists: book illustrator Michael McCurdy and writer Ray Bradbury. The book embraces and celebrates the oft-kidded connection between Baum's wondrous story and the state of Kansas.",Fiction
71,Pippi Goes Aboard,Astrid Lindgren,4.29,0140309136,9780140309133,en,180,6284,125,502,942,2199,2516,1977,1977,Pippi Goes Aboard,https://books.google.com/books/content?id=Ek0e2WUsfnMC&printsec=frontcover&img=1&zoom=1&source=gbs_api,HarperCollins,"First published: O.U.P., 1956.",Juvenile Fiction
72,Prince Caspian Movie Tie-in Edition (rack),C. S. Lewis,5.0,0061231061,9780061231063,en,260,2,0,0,0,0,2,2008,2008,Prince Caspian Movie Tie-in Edition (rack),https://books.google.com/books/content?id=4bn7XhMeBH8C&printsec=frontcover&img=1&zoom=1&source=gbs_api,Zondervan,"This movie tie-in edition of the full original PRINCE CASPIAN novel will be rack size, and feature a movie cover and an 8-page movie still insert.",Fiction
74,Comet in Moominland,Tove Jansson,2.23,0374315264,9780374315269,en,194,9565,2869,2391,1913,1434,958,1990,1990,Comet in Moominland,https://books.google.com/books/content?id=2M9XAwAAQBAJ&printsec=frontcover&img=1&zoom=1&source=gbs_api,Macmillan,"Moomintroll encounters a mouth-organist, a moth collector, and a lovely maiden, and discovers the danger of a threatening comet when he takes a journey to seek advice from the Professor.",Juvenile Fiction
75,"Over Sea, Under Stone",Susan Cooper,4.0,0689840357,9780689840357,en,304,4,0,0,0,1,3,2000,2000,"Over Sea, Under Stone",https://books.google.com/books/content?id=BeGkQ0whAq0C&printsec=frontcover&img=1&zoom=1&edge=curl&source=gbs_api,Simon and Schuster,"Part of Cooper's Dark Is Rising fantasy, ""Over Sea, Under Stone"" is now available in this digest edition.",Juvenile Fiction
76,"The Lion, the Witch and the Wardrobe",Clive Staples Lewis,4.18,0006716776,9780006716778,en,23,8004,160,640,1200,2801,3203,1998,1998,"The Lion, the Witch and the Wardrobe",https://books.google.com/books/content?id=FOjDietFNDUC&printsec=frontcover&img=1&zoom=1&source=gbs_api,HarperCollins UK,"Four English school children enter the magic land of Narnia through the back of a wardrobe and assist Aslan, the golden lion, in defeating the White Witch who has cursed the land with eternal winter.",Juvenile Fiction
77,Tehanu,Ursula K. Le Guin,1.38,1442459956,9781442459953,en,288,5816,1744,1454,1163,872,583,2012,2012,Tehanu,https://books.google.com/books/content?id=7z4QMUvPCbgC&printsec=frontcover&img=1&zoom=1&edge=curl&source=gbs_api,Simon and Schuster,"When Sparrowhawk, the Archmage of Earthsea, returns from the dark land stripped of his magic powers, he finds refuge with the aging widow Tenar and a crippled girl child who carries an unknown destiny.",Juvenile Fiction
78,James and the Giant Peach,Roald Dahl,2.01,0140306234,9780140306231,en,116,6743,2022,1685,1348,1011,677,1973,1973,James and the Giant Peach,https://books.google.com/books/content?id=bnomNN2OwaYC&printsec=frontcover&img=1&zoom=1&source=gbs_api,Puffin,A young boy escapes from two wicked aunts and embarks on a series of adventures with six giant insects he meets inside a giant peach.,Juvenile Fiction
79,Through the Looking-Glass,Lewis Carroll,3.27,0688120490,9780688120498,en,248,3373,337,505,1349,843,339,1993,1993,Through the Looking-Glass,https://books.google.com/books/content?id=V94zd80Y4WIC&printsec=frontcover&img=1&zoom=1&source=gbs_api,Harper Collins,Publisher description,Juvenile Fiction
80,The Eyes of the Dragon,Stephen King,4.63,4441912050,4151392119362,en,344,6439,64,257,643,1609,3866,1987,1987,The Eyes of the Dragon,https://books.google.com/books/content?id=KKcOAQAAMAAJ&printsec=frontcover&img=1&zoom=1&source=gbs_api,Viking Adult,"A kingdom is in turmoil as the old king dies and his successor must do battle for the throne. Pitted against an evil wizard and a would-be rival, Prince Peter makes a daring escape and rallies the forces of Good to fight for what is rightfully his.",Fiction
82,4.50 from Paddington,Agatha Christie,4.0,0006157629,9780006157625,en,228,8,0,0,1,2,5,1987,1987,4.50 from Paddington,https://books.google.com/books/content?id=kjb1P1fJnfcC&printsec=frontcover&img=1&zoom=1&source=gbs_api,HarperCollins Publishers,"Elspeth looked out the train window into the train drawing alongside, and was horrified to see a man strangling a woman. The body crumpled, and then the other train drew away. But no one believed Elspeth's story--except her friend Miss Marple.",Fiction
83,The Invisible Man,"Len Jenkin, Herbert George Wells",3.77,0871299844,9780871299840,en,78,8156,407,815,2039,3262,1633,2000,2000,The Invisible Man,https://books.google.com/books/content?id=SCHqme8AluYC&printsec=frontcover&img=1&zoom=1&edge=curl&source=gbs_api,Dramatic Publishing,"This is a fictional description for the book 'The Invisible Man' by Len Jenkin, Herbert George Wells.",Drama
84,A Murder is Announced,Agatha Christie,3.16,0553350404,9780553350401,en,244,1496,149,224,598,374,151,1986,1986,A Murder is Announced,https://books.google.com/books/content?id=x9RHJ8_BfpwC&printsec=frontcover&img=1&zoom=1&source=gbs_api,Oxford University Press,"A childish practical joke? Or a hoax intended to scare poor Letitia Blacklock? Unable to resist the mysterious invitation, a crowd begins to gather at Little Paddocks at the appointed time when, without warning, the lights go out...",Fiction
85,Crime and Punishment,Fyodor Dostoyevsky,4.66,1982598208,8349201168693,en,520,3719,37,148,371,929,2234,1955,1955,Crime and Punishment,https://books.google.com/books/content?id=Z0jilCM-F2MC&printsec=frontcover&img=1&zoom=1&source=gbs_api,Dutton Books,Introduction by W. J. Leatherbarrow; Translation by Richard Pevear and Larissa Volokhonsky Copyright © Libri GmbH. All rights reserved.,Fiction
86,Cards on the Table,Agatha Christie,2.34,0006162819,9780006162810,en,228,8561,2568,2140,1712,1284,857,1993,1993,Cards on the Table,https://books.google.com/books/content?id=NGoFudTo7YsC&printsec=frontcover&img=1&zoom=1&source=gbs_api,Wiley,Theatre program.,Fiction
87,Seeking Whom He May Devour,Fred Vargas,4.0,074328402X,9780743284028,en,307,1,0,0,0,0,1,2006,2006,Seeking Whom He May Devour,https://books.google.com/books/content?id=pBV3S44_6eYC&printsec=frontcover&img=1&zoom=1&edge=curl&source=gbs_api,Simon and Schuster,"""A small mountain community in the French Alps is roused to terror when they awaken each morning to find yet another of their sheep with its throat torn out. One of the villagers thinks it might be a werewolf, and when she's found killed in the same manner, people begin to wonder if she might have been right. Suspicion falls on Massart, a loner living on the edge of town""--Publisher website (April 2007).",Fiction
88,The Redbreast,Jo Nesbo,3.19,006113399X,9780061133992,en,532,1898,189,284,759,474,192,2006,2006,The Redbreast,https://books.google.com/books/content?id=SPSn4HdxigkC&printsec=frontcover&img=1&zoom=1&source=gbs_api,Harper Collins,"The Redbreast"" is the winner of the Glass Key prize for the best Nordic crimenovel, and has been voted Norways best work of crime fiction.",Fiction
89,The House at Riverton,Kate Morton,3.0,1416550534,9781416550532,en,496,1,0,0,0,0,1,2009,2009,The House at Riverton,https://books.google.com/books/content?id=9iXsIAND7KQC&printsec=frontcover&img=1&zoom=1&edge=curl&source=gbs_api,Simon and Schuster,Ninety-eight-year-old Grace Bradley is visited by a young director who takes her back to Riverton House where she reveals the secret behind the death of a young poet in the summer of 1924.,Fiction
90,The Night Manager,John Le Carré,3.5,0345385764,9780345385765,en,484,3,0,0,0,1,2,1993,1993,The Night Manager,https://books.google.com/books/content?id=9CATRvUh3m4C&printsec=frontcover&img=1&zoom=1&source=gbs_api,"Random House Digital, Inc.","Former British intelligence officer Jonathan Pine attempts to infiltrate the entourage of Roper, a sinister and powerful Englishman responsible for fitting together the pieces for a monumental arms-for-cocaine deal. Reprint.",Fiction
91,The Curious Incident of the Dog in the Night-time,Mark Haddon,4.5,7466486956,4837373407555,en,288,5,0,0,0,1,4,2003,2003,The Curious Incident of the Dog in the Night-time,https://books.google.com/books/content?id=I51aAAAAMAAJ&printsec=frontcover&img=1&zoom=1&source=gbs_api,Vintage,"YA. Murder mystery. Despite his overwhelming fear of interacting with people, Christopher, a mathematically-gifted, autistic fifteen-year-old boy, decides to investigate the murder of a neighbour's dog and uncovers secret information about his mother. Whitbread book of the year 2003. WAYRBA list 2005.",Fiction
92,My Name is Red,Orhan Pamuk,1.37,0571200478,9780571200474,en,417,452,135,113,90,67,47,2001,2001,My Name is Red,https://books.google.com/books/content?id=K0NiQgAACAAJ&printsec=frontcover&img=1&zoom=1&source=gbs_api,Macmillan Publishers,"In the late 1590s, the Turkish Sultan secretly commissions an illuminated book: a celebration of his life and his empire. At a time of violent fundamentalism, however, this is a dangerous proposition. Then one of the miniaturists is murdered. The Sultan demands an answer within three days.",Art
93,The Shape of Water,Andrea Camilleri,4.0,9053962319,6050327421039,en,240,1,0,0,0,0,1,2002,2002,The Shape of Water,https://books.google.com/books/content?id=e1BlAAAAMAAJ&printsec=frontcover&img=1&zoom=1&source=gbs_api,Viking Adult,Follows Sicilian detective Inspector Montalbano as he investigates the suspicious death of an engineer who had made a name for himself in a small town.,Fiction
94,And Then There Were None,Agatha Christie,4.0,0312979479,9780312979478,en,294,43,0,3,6,15,19,2001,2001,And Then There Were None,https://books.google.com/books/content?id=ACMYLqk_7GoC&printsec=frontcover&img=1&zoom=1&source=gbs_api,Macmillan,"One by one, the guests arrived at the mansion on Indian Island, summoned by a mysterious host. And one by one, with terrifying meticulousness, they were stalked by a cunning murderer. Utterly baffling...and yet there was a pattern, concealed in a nursery rhyme hanging over the fireplace.",Fiction
95,The ABC Murders,Agatha Christie,4.4,0006167241,9780006167242,en,224,1719,34,137,257,601,690,1993,1993,The ABC Murders,https://books.google.com/books/content?id=BKjCQgAACAAJ&printsec=frontcover&img=1&zoom=1&source=gbs_api,HarperCollins Publishers,"When Alice Ascher is murdered in Andover, Hercule Poirot is already onto the clues. Alphabetically speaking, it's one down, 25 to go. This classic mystery is now repackaged in a digest-sized edition for young adults. Reissue.","Detective and mystery stories, English"
96,Blessed Are Those Who Thirst,Anne Holt,4.97,1451634781,9781451634785,en,232,1031,10,41,103,257,620,2012,2012,Blessed Are Those Who Thirst,https://books.google.com/books/content?id=KWW_JuNf3PUC&printsec=frontcover&img=1&zoom=1&edge=curl&source=gbs_api,Simon and Schuster,Criminal investigating officer Hanne Wilhelmsen considers the possibility of a serial killer as she tracks down a series of numbers written in blood appearing on walls all over Oslo.,Fiction
97,Evil Under the Sun,Agatha Christie,3.05,3281039531,4053917568398,en,282,7226,722,1083,2890,1806,725,1941,1941,Evil Under the Sun,https://books.google.com/books/content?id=JzqaAAAAIAAJ&printsec=frontcover&img=1&zoom=1&source=gbs_api,William Morrow Paperbacks,"The Queen of Mystery has come to Harper Collins! Agatha Christie, the acknowledged mistress of suspense—creator of indomitable sleuth Miss Marple, meticulous Belgian detective Hercule Poirot, and so many other unforgettable characters—brings her entire oeuvre of ingenious whodunits, locked room mysteries, and perplexing puzzles to Harper Paperbacks. The classic Evil Under the Sun, one of the most famous of Christie’s Poirot investigations, has the fastidious sleuth on the trail of the killer of a sun-bronzed beauty whose death brings some rather shocking secrets into the light.",Fiction
98,The A.B.C. Murders,Agatha Christie,4.5,1579126243,9781579126247,en,252,3,0,0,0,0,3,1936,1936,The A.B.C. Murders,https://books.google.com/books/content?id=rkc0_G_ULg4C&printsec=frontcover&img=1&zoom=1&source=gbs_api,Black Dog & Leventhal Pub,"A is for Ascher, cudgeled in Andover. B is for Barnard, strangled in Bexhill. C is for Clarke, struck down in Churston. Beside each body is an A.B.C. Railway guide; before each murder Hercule Poirot is notified. In one of Christie's most twisted tales, the meticulous Belgian sleuth must navigate the eerie maze of a serial killer's mind. D is for Doncaster, where the next victim dies... E is for evidence, ingeniously analyzed.",Fiction
99,"Loves Music, Loves to Dance",Mary Higgins Clark,5.0,0671758896,9780671758899,en,339,1,0,0,0,0,1,1992,1992,"Loves Music, Loves to Dance",https://books.google.com/books/content?id=OHqsQwFrKO0C&printsec=frontcover&img=1&zoom=1&edge=curl&source=gbs_api,Simon and Schuster,A killer draws his victims from the women who respond to his personal ads in trendy New York magazines.,Fiction
100,The Mirror Crack'd from Side to Side,Agatha Christie,5.0,7710930986,3596316504830,en,264,1,0,0,0,0,1,1962,1962,The Mirror Crack'd from Side to Side,https://books.google.com/books/content?id=bnpOAAAAMAAJ&printsec=frontcover&img=1&zoom=1&source=gbs_api,"London, Published for the Crime Club by Collins 1962.",Miss Marple.,Fiction
101,Tuesday,David Wiesner,3.0,0395870828,9780395870822,en,36,6,0,0,2,1,3,1991,1991,Tuesday,https://books.google.com/books/content?id=gGWvDUUi58cC&printsec=frontcover&img=1&zoom=1&edge=curl&source=gbs_api,Houghton Mifflin Harcourt,"Frogs rise on their lily pads, float through the air, and explore the nearby houses while their inhabitants sleep.",Juvenile Fiction
102,The Road to Gandolfo,Robert Ludlum,2.41,0553205315,9780553205312,en,308,5812,1743,1453,1162,871,583,1982,1982,The Road to Gandolfo,https://books.google.com/books/content?id=wqugOHye8jYC&printsec=frontcover&img=1&zoom=1&source=gbs_api,Bantam Doubleday Dell Publishing Group,"A wickedly funny Robert Ludlum you've never met before. All the explosive paving of ""The Bourne Identity,"" the Byzantine treachery of ""The Parsifal Mosaic,"" the relentless action of ""The Bourne Ultimatum."" The Principal Cast: General Mackenzie Hawkings, legend, hero, rogue. Sam Devereaux, bright young lawyer from Harvard, now in the army, can't wait to get out. General Hawken's four ex-wives, a quartet of incredibly endowed women who've formed a club: Hawkin's Harem. The Premise: Kidnap Pope Francesco I, the most beloved pontiff since John XX III. Ransom: One American dollar for every Catholic in the world. The Problem: Pope Francesco I says: "" Gentle souls, why not?""",Fiction
104,Endless Night,Agatha Christie,1.09,1611733383,9781611733389,en,361,4509,1352,1127,901,676,453,2012,2012,Endless Night,https://books.google.com/books/content?id=jxaZpwAACAAJ&printsec=frontcover&img=1&zoom=1&source=gbs_api,Center Point,"""When penniless Michael Rogers discovers the beautiful house at Gipsy's Acre and then meets the heiress Ellie, it seems that all his dreams have come true at once. But he ignores an old woman's warning of an ancient curse, and evil begins to stir in paradise. As Michael soon lears: Gipysy's Acre is the place where fatal 'accidents' happen.""--Publisher description.",Avarice
105,Hercule Poirot's Christmas,Agatha Christie,2.56,0708917240,9780708917244,en,384,5265,1579,1316,1053,789,528,1987,1987,Hercule Poirot's Christmas,https://books.google.com/books/content?id=PDtbAAAACAAJ&printsec=frontcover&img=1&zoom=1&source=gbs_api,Charnwood Pub,"Christmas Eve, and the Lee family¿s reunion is shattered by a deafening crash of furniture and a high-pitched wailing scream. Upstairs, the tyrannical Simeon Lee lies dead in a pool of blood, histhroat slashed. When Hercule Poirot offers to assist, he finds an atmosphere not of mourning but of mutual suspicion. It seems everyone had their own reason to hatethe old man. . . .",Fiction
106,The Da Vinci Code,Dan Brown,5.0,0593054253,9780593054253,en,484,2,0,0,0,0,2,2004,2004,The Da Vinci Code,https://books.google.com/books/content?id=A-AS46wG0p8C&printsec=frontcover&img=1&zoom=1&source=gbs_api,Random House,"Harvard professor Robert Langdon receives an urgent late-night phone call while on business in Paris: the elderly curator of the Louvre, Jacques Sauni're, has been brutally murdered inside the museum. Alongside the body, police have found a series of baffling codes. As Langdon and a gifted French cryptologist, Sophie Neveu, begin to sort through the bizarre riddles, they are stunned to find a trail that leads to the works of Leonardo Da Vinci - and suggests the answer to a mystery that stretches deep into the vault of history. Langdon suspects the late curator was involved in the Priory of Sion - a centuries old secret society - and has sacrificed his life to protect the Priory's most sacred trust: the location of a vastly important religious relic hidden for centuries. But it now appears that Opus Dei, a clandestine sect that has long plotted to seize the Prirory's secret, has now made its move. Unless Langdon and Neveu can decipher the labyrinthine code and quickly assemble the pi...",Art museum curators
107,The No. 1 Ladies' Detective Agency,Alexander McCall Smith,4.28,7863554187,2296547251920,en,240,7746,154,619,1161,2711,3101,1998,1998,The No. 1 Ladies' Detective Agency,https://books.google.com/books/content?id=xNYKAQAAMAAJ&printsec=frontcover&img=1&zoom=1&source=gbs_api,Simon & Schuster,"Set in Africa, with an engaging heroine who could give Miss Marple a run for her money.",Fiction
108,What Mrs. McGillicuddy Saw!,Agatha Christie,1.18,0671556452,9780671556457,en,264,222,66,55,44,33,24,1957,1957,What Mrs. McGillicuddy Saw!,https://books.google.com/books/content?id=qpjRd1v0eNYC&printsec=frontcover&img=1&zoom=1&source=gbs_api,"New York : Dodd, Mead","Miss Marple helps her friend, Mrs. McGillicuddy, prove she saw a murder.",Fiction
109,Murder on the Orient Express,Agatha Christie,3.3,0007234406,9780007234400,en,260,6297,629,944,2518,1574,632,2006,2006,Murder on the Orient Express,https://books.google.com/books/content?id=BSuRcQkrOB4C&printsec=frontcover&img=1&zoom=1&source=gbs_api,HarperCollins UK,Hercule Poirot is called in to solve the crime when an American passenger on the Orient Express is found murdered in his locked compartment.,Detective and mystery stories
110,Paper Money,Ken Follett,4.0,0451159047,9780451159045,en,260,2,0,0,0,0,2,1987,1987,Paper Money,https://books.google.com/books/content?id=_k5PUIaonrQC&printsec=frontcover&img=1&zoom=1&source=gbs_api,Signet Book,"Paper Money is a tautly woven, intriguing story of a single day in the life of the London Evening Post. As various stories break--the awarding of an oil-drilling contract, a mammoth cash robbery, the blackmailing of a politician--awkward questions begin to tie the events together, but will the full story ever make the headlines? By the grand master of suspense, Ken Follett (The Modigliani Scandal). First time published in the United States. Copyright © Libri GmbH. All rights reserved.",Fiction
111,The Girl with the Dragon Tattoo,Stieg Larsson,3.43,1847242537,9781847242532,en,598,7068,706,1060,2827,1767,708,2008,2008,The Girl with the Dragon Tattoo,https://books.google.com/books/content?id=fNq5ugEACAAJ&printsec=frontcover&img=1&zoom=1&source=gbs_api,Quercus Books,"Perfectly timed before the July publication of Larsson's second book in this series--""The Girl Who Played with Fire""--this international publishing sensation introduces readers to Mikael Blomqvist and Lisbeth Salander, the stars of both contagiously exciting books.",Computer hackers
112,Cover Her Face,P. D. James,2.15,5451593102,1688260168234,en,276,5080,1524,1270,1016,762,508,1983,1983,Cover Her Face,https://books.google.com/books/content?id=i40gAQAAIAAJ&printsec=frontcover&img=1&zoom=1&source=gbs_api,Dissertations-G,"Headstrong and beautiful, the young housemaid Sally Jupp is put rudely in her place, strangled in her bed behind a bolted door. Coolly brilliant policeman Adam Dalgliesh of Scotland Yard must find her killer among a houseful of suspects, most of whom had very good reason to wish her ill. Cover Her Face is P. D. James's electric debut novel, an ingeniously plotted mystery that immediately placed her among the masters of suspense.",Fiction
113,"Farewell, My Lovely",Raymond Chandler,3.31,0394758277,9780394758275,en,292,692,69,103,276,173,71,1992,1992,"Farewell, My Lovely",https://books.google.com/books/content?id=PtT0C1rWniIC&printsec=frontcover&img=1&zoom=1&source=gbs_api,Vintage,"Marlowe's about to give up on a completely routine case when he finds himself in the wrong place at the right time to get caught up in a murder that leads to a ring of jewel thieves, another murder, a fortune-teller, a couple more murders, and more corruption than your average graveyard.",Fiction
114,Contest,Matthew Reilly,4.5,0312990049,9780312990046,en,452,3,0,0,0,0,3,2005,2005,Contest,https://books.google.com/books/content?id=fVXhWW7ZRkwC&printsec=frontcover&img=1&zoom=1&source=gbs_api,Macmillan,"From the ""New York Times"" bestselling author of ""Scarecrow"" comes an action-packed novel about a doctor and his daughter trapped in New York's Public Library by a contest with a fatal outcome. Martin's Press.",Fiction
115,The Revenge of the Wizard's Ghost,John Bellairs,4.71,0140380434,9780140380439,en,164,6397,63,255,639,1599,3841,1997,1997,The Revenge of the Wizard's Ghost,https://books.google.com/books/content?id=FoyhSrj6RFsC&printsec=frontcover&img=1&zoom=1&source=gbs_api,Putnam Juvenile,"Collapsed in a weird trance, Johnny Dixon is dying. Professor Childermass soon learns why--Johnny is possessed by the spirit of the late Warren Windrow. In a desperate effort to find a clue that will save Johnny's life, the Professor races to the gloomy Windrow estate where he finds himself fighting for his own life.",Juvenile Fiction
116,"""A"" is for Alibi",Sue Grafton,3.42,0553279912,9780553279917,en,238,9776,977,1466,3910,2444,979,1987,1987,"""A"" is for Alibi",https://books.google.com/books/content?id=EqYXZLeFvocC&printsec=frontcover&img=1&zoom=1&source=gbs_api,Crimeline,A woman wrongly convicted of murdering her husband hires private detective Kinsey Millhone to find the real killer.,Fiction
117,The Runaway Jury,John Grisham,3.0,0440221471,9780440221470,en,568,27,2,4,10,6,5,1997,1997,The Runaway Jury,https://books.google.com/books/content?id=KA4hwzlnclsC&printsec=frontcover&img=1&zoom=1&source=gbs_api,Dell,The jury in a Mississippi tobacco trial appears to be manipulated and controlled.,Fiction
118,From Doon with Death,Ruth Rendell,3.25,1405685301,9781405685306,en,184,7568,756,1135,3027,1892,758,2005,2005,From Doon with Death,https://books.google.com/books/content?id=sJ93PwAACAAJ&printsec=frontcover&img=1&zoom=1&source=gbs_api,Black Dagger,"'Love and death' said Chief Inspector Wexford. 'Those were the only two sensational things that ever happened to Margaret Parsons, love and death. The thing is they both happened in my district.' The police knew all about Margaret Parsons' life and by the look of it, it was very dull. She had been a 'good' woman. Religious, old-fashioned and respectable, her life had been as spotless and ordinary as her home, as unexciting and dependable as her marriage. But it was not Margaret Parsons' life that interested Wexford. It was her death. She had been a predictable, ordinary woman - but now she had met a death of passion and violence for which there seemed neither motive nor clue.",Detective and mystery stories
119,The Sleeping Doll,Jeffery Deaver,4.49,3080159823,1764098069186,en,456,5999,119,479,899,2099,2403,2007,2007,The Sleeping Doll,https://books.google.com/books/content?id=HcJlAAAAMAAJ&printsec=frontcover&img=1&zoom=1&source=gbs_api,Simon & Schuster,Thriller.,Fiction
121,Sons and Lovers,David Herbert Lawrence,4.0,3398750206,39293761806,en,652,8913,178,713,1336,3119,3567,1977,1977,Sons and Lovers,https://books.google.com/books/content?id=FTDuAAAAMAAJ&printsec=frontcover&img=1&zoom=1&source=gbs_api,Penguin Group,A provocative portrait of an artist torn between love for his possessive mother and desire for two young beautiful women. It is also the story of Paul Morel's growing into manhood torn by both inner and outer conflict.,Fiction
122,"To Sir Phillip, with Love",Julia Quinn,3.53,0739435728,9780739435724,en,274,6541,327,654,1635,2616,1309,2003,2003,"To Sir Phillip, with Love",https://books.google.com/books/content?id=puA-l8kNhOYC&printsec=frontcover&img=1&zoom=1&source=gbs_api,Wiley,She wrote him a letter and he stole her heart.,Fiction
124,The Italian Girl,Lucinda Riley,3.92,1471280292,9781471280290,en,375,4386,219,438,1096,1754,879,2015,2015,The Italian Girl,https://books.google.com/books/content?id=ZlbsjwEACAAJ&printsec=frontcover&img=1&zoom=1&source=gbs_api,Clipper Audio,"Rosanna Menici is just a girl when she meets Roberto Rossini, the man who will change her life. In the years to come, their destinies are bound together by their extraordinary talents as opera singers and by their enduring but obsessive love for each other--a love that will ultimately affect the lives of those closest to them. For, as Rosanna slowly discovers, their unison is haunted by irreversible events from the past...",Man-woman relationships
125,Analyticity and Syntheticity,Armin Schwegler,3.39,3110112450,9783110112450,en,316,3104,310,465,1241,776,312,1990,1990,Analyticity and Syntheticity,https://books.google.com/books/content?id=rmEqvNHtlqYC&printsec=frontcover&img=1&zoom=1&edge=curl&source=gbs_api,Walter de Gruyter,"The series is a platform for contributions of all kinds to this rapidly developing field. General problems are studied from the perspective of individual languages, language families, language groups, or language samples. Conclusions are the result of a deepened study of empirical data. Special emphasis is given to little-known languages, whose analysis may shed new light on long-standing problems in general linguistics.",Foreign Language Study
126,North and South,Elizabeth Cleghorn Gaskell,2.55,3712336256,2298138921929,en,456,4424,1327,1106,884,663,444,1975,1975,North and South,https://books.google.com/books/content?id=z7E9AQAAMAAJ&printsec=frontcover&img=1&zoom=1&source=gbs_api,Dutton Books,"Milton is a sooty, noisy northern town centred around the cotton mills that employ most of its inhavitants. Arriving from a rural idyll in the South, Margaret Hale is initially shocked by the social unrest and povery she finds in her new home town --- back cover.",Fiction
127,The Missing Sister,Lucinda Riley,2.77,1952457238,9781952457234,en,576,860,258,215,172,129,86,2021,2021,The Missing Sister,https://books.google.com/books/content?id=7cULzgEACAAJ&printsec=frontcover&img=1&zoom=1&source=gbs_api,Scholastic,"From Sunday Times No.1 bestselling author Lucinda Riley comes the latest installment in the epic multimillion-selling series, The Seven Sisters. The story of Merope, the missing sister, is waiting to be told . . . Following Georg Hoffman's revelation that he may have found The Missing Sister, Maia and Ally discover that all they have to go on is an address of a vineyard in New Zealand, plus a drawing of an unusual star-shaped emerald ring. Deciding that CeCe, who lives in Australia, is the closest, they send her to investigate with her partner, Chrissie. So begins a race against time to identify the Missing Sister, so she can join her sisters on The Titan to lay a wreath at a spot on the Aegean Sea where Ally last saw Pa Salt's boat. It's a race that takes them across the globe, as Mary McDougal, the woman who has the emerald ring that can confirm for certain if her daughter, Mary-Kate, is the Missing Sister, has embarked on a world tour after the death of her husband. As each siste...",Biography
128,The Viscount Who Loved Me,Julia Quinn,3.52,0063279460,9780063279469,en,512,4845,242,484,1211,1938,970,2022,2022,The Viscount Who Loved Me,https://books.google.com/books/content?id=AiH4zgEACAAJ&printsec=frontcover&img=1&zoom=1&source=gbs_api,HarperLuxe,"# 1 New York Times Bestseller The inspiration for season two of BRIDGERTON, a series created by Shondaland for Netflix, from #1 New York Times bestselling author Julia Quinn: the story of Anthony Bridgerton in the second of her beloved Regency-set novels featuring the charming, powerful Bridgerton family. ANTHONY'S STORY This time the gossip columnists have it wrong. London's most elusive bachelor Anthony Bridgerton hasn't just decided to marry--he's even chosen a wife! The only obstacle is his intended's older sister, Kate Sheffield--the most meddlesome woman ever to grace a London ballroom. The spirited schemer is driving Anthony mad with her determination to stop the betrothal, but when he closes his eyes at night, Kate's the woman haunting his increasingly erotic dreams... Contrary to popular belief, Kate is quite sure that reformed rakes do not make the best husbands--and Anthony Bridgerton is the most wicked rogue of them all. Kate's determined to protect her sister--but she f...",Fiction
130,Esio Trot,Roald Dahl,3.49,0141346493,9780141346496,en,80,7115,711,1067,2846,1778,713,2013,2013,Esio Trot,https://books.google.com/books/content?id=eE9SMQEACAAJ&printsec=frontcover&img=1&zoom=1&source=gbs_api,Puffin,"Mr Hoppy loves Mrs Silver. Mrs Silver loves Alfie the tortoise. Sometimes Mr Happy wishes he could become a tortoise. Until one day he finds a way to win Mrs Silver's heart, with the help of a little magic and some cabbage . . .",Children's stories
131,Northanger Abbey,Jane Austen,1.28,1908533277,9781908533272,en,256,8629,2588,2157,1725,1294,865,2012,2012,Northanger Abbey,https://books.google.com/books/content?id=NLc7MAEACAAJ&printsec=frontcover&img=1&zoom=1&source=gbs_api,"Atlantic Publishing, Croxley Green",Classics with legible texts you can actually read at a fantastic price.,Books and reading
132,Spirit Bound,Richelle Mead,4.5,1921518863,9781921518867,en,489,4,0,0,0,1,3,2010,2010,Spirit Bound,https://books.google.com/books/content?id=-a-YQwAACAAJ&printsec=frontcover&img=1&zoom=1&source=gbs_api,Razorbill,"The international number 1 bestselling Vampire Academy series by Richelle Mead is now a major motion picture. Read it before it hits cinemas in 2014! SALVATION HAS ITS PRICE . . . Fall in love with Rose and Dimitri all over again in Spirit Bound, the anticipated fifth novel in Richelle Mead's enthralling Vampire Academy series. After a long and heartbreaking journey to Siberia, Dimitri's birthplace, Rose Hathaway has finally returned to St. Vladimir's - and to her best friend, Lissa Dragomir. It's graduation, and the girls can't wait for their real lives outside the Academy's cold iron gates to finally begin. But even with the intrigue and excitement of court life looming, Rose's heart still aches for Dimitri. He's out there, somewhere. She failed to kill him when she had the chance, and now her worst fears are about to come true. Dimitri has tasted her blood, and she knows in her heart that he is hunting her. And if Rose won't join him, he won't rest until he has silenced her . . ....",Boarding school students
133,The Storm Sister,Lucinda Riley,2.43,1447288572,9781447288572,en,164,4982,1494,1245,996,747,500,2015,2015,The Storm Sister,https://books.google.com/books/content?id=yhNNrgEACAAJ&printsec=frontcover&img=1&zoom=1&source=gbs_api,Macmillan,"Ally D'Apliese is about to compete in one of the world's most perilous yacht races, when she hears the news of her adoptive father's sudden, mysterious death. Rushing back to meet her five sisters at their family home, she discovers that her father - an elusive billionaire affectionately known to his daughters as Pa Salt - has left each of them a tantalising clue to their true heritage. Ally has also recently embarked on a deeply passionate love affair that will change her destiny forever. But with her life now turned upside down, Ally decides to leave the open seas and follow the trail that her father left her, which leads her to the icy beauty of Norway ... There, Ally begins to discover her roots - and how her story is inextricably bound to that of a young unknown singer, Anna Landvik, who lived there over a hundred years before, and sang in the first performance of Grieg's iconic music set to Ibsen's play 'Peer Gynt'. As Ally learns more about Anna, she also begins to question w...",Adopted children
134,Mansfield Park,Jane Austen,4.78,1410429687,9781410429681,en,661,9098,90,363,909,2274,5462,2010,2010,Mansfield Park,https://books.google.com/books/content?id=22veSAAACAAJ&printsec=frontcover&img=1&zoom=1&source=gbs_api,Kennebec Large Print Perennial,"A New York Times Bestselling Author -- In Jane Austen's third published novel after Sense and Sensibility and Pride and Prejudice, young Fanny Price is sent to live with her wealthy uncle and aunt, Sir Thomas and Lady Bertram, at Mansfield Park. Raised among her four cousins, Fanny -- the poor relation -- often goes unobserved in the household, making her a unique observer of the ethics, morals, attitudes and behavior of English society.",Fiction
135,Emma,Jane Austen,2.7,1908533064,9781908533067,en,512,9167,2750,2291,1833,1375,918,2012,2012,Emma,https://books.google.com/books/content?id=FU5bPgAACAAJ&printsec=frontcover&img=1&zoom=1&source=gbs_api,"Atlantic Publishing, Croxley Green",Classics with legible texts you can actually read at a fantastic price.,England
137,The India Fan,Victoria Holt,4.54,1402277431,9781402277436,en,288,3584,35,143,358,896,2152,2013,2013,The India Fan,https://books.google.com/books/content?id=JRJoMQEACAAJ&printsec=frontcover&img=1&zoom=1&source=gbs_api,Sourcebooks Fire,"Drusilla, the daughter of the local vicar, becomes inextricably bound to the wealthy Framling family and through them becomes the heir to a peacock fan that is cursed.",Fiction
138,Twisted Perfection Signed Limited Edition,Abbi Glines,1.98,1476763542,9781476763545,en,272,2539,761,634,507,380,257,2013,2013,Twisted Perfection Signed Limited Edition,https://books.google.com/books/content?id=PQgQAQAAQBAJ&printsec=frontcover&img=1&zoom=1&edge=curl&source=gbs_api,Simon and Schuster,"Della Sloane is not your average girl. Yearning to break free of her dark and sheltered past and the memories of the illness that claimed her mother, Della plans a solo road trip to experience real life on her own terms. But the trip is nearly cut short in the little beach town of Rosemary when she realizes she can't even pump her own gas-until Woods Kerrington shows up, more than willing to help out a pretty girl in need.",Fiction
139,White Hot,Sandra Brown,1.42,1594130825,9781594130823,en,696,3973,1191,993,794,595,400,2005,2005,White Hot,https://books.google.com/books/content?id=d2b39aiWVmcC&printsec=frontcover&img=1&zoom=1&source=gbs_api,Cambridge University Press,"When her younger brother commits suicide, Sayre Lynch returns to her hometown for the funeral and finds herself drawn into a web cast by her controlling and tyrranical father.",Fiction
140,Persuasion,Jane Austen,2.85,1908533080,9781908533081,en,174,8242,2472,2060,1648,1236,826,2012,2012,Persuasion,https://books.google.com/books/content?id=O93ctgAACAAJ&printsec=frontcover&img=1&zoom=1&source=gbs_api,"Atlantic Publishing, Croxley Green",Classics with legible texts you can actually read at a fantastic price.,Books and reading
141,Heir of Fire,Sarah J. Maas,3.51,0606385142,9780606385145,en,484,5204,260,520,1301,2081,1042,2015,2015,Heir of Fire,https://books.google.com/books/content?id=FLoNkAEACAAJ&printsec=frontcover&img=1&zoom=1&source=gbs_api,Turtleback Books,"Celaena Sardothien rises from the ashes to burn even brighter than before. Celaena has survived deadly contests and shattering heartbreak-but at an unspeakable cost. Now, she must travel to a new land to confront her darkest truth.a truth about her h","Science Fiction, Thriller"
142,Jane Eyre,Linda Wilson,3.27,0237540908,9780237540906,en,56,5366,536,804,2146,1341,539,2010,2010,Jane Eyre,https://books.google.com/books/content?id=9t_8RAAACAAJ&printsec=frontcover&img=1&zoom=1&source=gbs_api,M. Evans,"Jane Eyre, by Charlotte Bronte, was published in 1847. It tells the story of the orphan Jane Eyre, her terrible schooling and her time as a governess at brooding Thornfield Hall. Here she falls in love with its owner, Mr Rochester - and discovers his terrible secret. Essential Classics is a wonderful new series that offers a quick way into a range of exciting stories. Fast-moving and accessible, each story is a shortened, dramatically illustrated version of the classic novel, which loses none of the strength and flavour of the original. Ages 9+.",Children's stories
143,Nobody's Darling,Teresa Medeiros,1.96,0553575015,9780553575019,en,398,7767,2330,1941,1553,1165,778,1998,1998,Nobody's Darling,https://books.google.com/books/content?id=7NSJDQAAQBAJ&printsec=frontcover&img=1&zoom=1&source=gbs_api,"Random House Digital, Inc.","Dear Reader, I never enjoyed being a wanted man until the day Miss Esmerelda Fine marched into the Tumbleweed Saloon and pointed her derringer straight at my heart. Who would have guessed some duke's granddaughter--an awfully pretty one at that--would come gunning for the likes of me, a notorious bounty hunter with a taste for whiskey and a fondness for peach pie? Lucky for me, she was a mighty poor shot. Instead of killing me, she hired me to find her runaway brother. Little did she know she was about to make the acquaintance of a flea-bitten basset hound named Sadie, the infamous Darling Gang, and my shotgun-toting kinfolk. And little did I know she was about to lead me on a merry chase that would take us from a bungled bank robbery to the very first Wild West show to tour London, England. I should have turned down her offer. I should have resisted her charms. But I didn't. Because there comes a time in every man's life when he's got nothing left to lose...but his heart. Yours, Bi...",Fiction
144,The Glass Menagerie,Tennessee Williams,4.0,0811214044,9780811214049,en,132,14,0,1,2,4,7,1999,1999,The Glass Menagerie,https://books.google.com/books/content?id=tWbVwZjv43kC&printsec=frontcover&img=1&zoom=1&edge=curl&source=gbs_api,New Directions Publishing,The only single edition now available of this American classic about a mother obsessed with her disabled daughter.,Drama
146,Last Sacrifice,Richelle Mead,1.64,0141331887,9780141331881,en,556,7185,2155,1796,1437,1077,720,2010,2010,Last Sacrifice,https://books.google.com/books/content?id=Rwcpd5zqrrkC&printsec=frontcover&img=1&zoom=1&source=gbs_api,Penguin UK,The final heart wrenching episode at St Vladimir's Academy. Rose is on trial for high treason and the death of Queen Tatiana. Someone is trying to frame her and it looks like even Dimitri might not be able to save her now.,Juvenile Fiction
147,The Outlaws of Medieval Legend,Maurice Hugh Keen,3.23,9291051107,4694323757666,en,258,6521,652,978,2608,1630,653,1961,1961,The Outlaws of Medieval Legend,https://books.google.com/books/content?id=7ALXAAAAMAAJ&printsec=frontcover&img=1&zoom=1&source=gbs_api,London : Routledge and K. Paul,This is a fictional description for the book 'The Outlaws of Medieval Legend' by Maurice Hugh Keen.,"Ballads, English"
148,The Rachel Papers,Martin Amis,3.02,0679734589,9780679734581,en,605,602,60,90,240,150,62,1992,1992,The Rachel Papers,https://books.google.com/books/content?id=11FVPgAACAAJ&printsec=frontcover&img=1&zoom=1&source=gbs_api,Vintage,"On the eve of his twentieth birthday, Charles Highway reviews his campaign to win over a self-assured girl named Rachel.",Black humor
149,Grace and Glory,Jennifer L. Armentrout,4.27,1335212787,9781335212788,en,512,8262,165,660,1239,2891,3307,2021,2021,Grace and Glory,https://books.google.com/books/content?id=LDO-zQEACAAJ&printsec=frontcover&img=1&zoom=1&source=gbs_api,Penguin Random House,"In this thrilling conclusion to the Harbinger trilogy, Trinity, who is out of options, brings Lucifer back to the world to fight the Harbinger, a decision that carries disastrous consequences with it.",Young Adult Fiction
150,The Spirit of Romance,Ezra Pound,4.45,8726059511,9657376517696,en,272,9474,189,757,1421,3315,3792,1910,1910,The Spirit of Romance,https://books.google.com/books/content?id=BuxDAQAAMAAJ&printsec=frontcover&img=1&zoom=1&source=gbs_api,Macmillan Publishers,This is a fictional description for the book 'The Spirit of Romance' by Ezra Pound.,"Literature, Medieval"
151,The Horse Whisperer,Nicholas Evans,4.3,0440222656,9780440222651,en,468,5799,115,463,869,2029,2323,1996,1996,The Horse Whisperer,https://books.google.com/books/content?id=8S98M4y36EYC&printsec=frontcover&img=1&zoom=1&source=gbs_api,Dell Publishing Company,"His name is Tom. His voice can calm wild horses, his touch can heal broken spirits. And Annie has traveled a long ways to find him, desperate to heal her injured daughter, her horse, and her heart.",American fiction
152,The Winemaker's Wife,Kristen Harmel,3.1,1787394840,9781787394841,en,336,8146,814,1221,3258,2036,817,2021,2021,The Winemaker's Wife,https://books.google.com/books/content?id=GXxrzQEACAAJ&printsec=frontcover&img=1&zoom=1&source=gbs_api,Wiley,"If you love The Beekeeper's Promiseand The Tattooist of Auschwitzthen you'll adore this beautiful story of love, loss, hope and survival. East of Paris in the sun-drenched vineyards of northern France lies the famous champagne house Maison Chauveau. But behind the extravagant exterior of the grand house is a world of secrets. 1940: When young Ines married into the famed Chauveau family she dreamed of working alongside her husband and raising their beautiful children. But with German occupation comes a life of fear: for herself, for the husband who has joined the Resistance and for Celine, the Jewish wife of their chief vintner. As the Nazis march ever closer Ines will be faced with a terrible choice. 2019: Liv Kent has lost everything: her job, her husband and the family she thought they were building. Alone and adrift she leaps at the chance to join her eccentric grandmother on a trip to Champagne. But it's not long before past and present collide, and in a desperate search for the...",Fiction
153,Malafrena,Ursula K. Le Guin,1.7,0425046478,9780425046470,en,358,3056,916,764,611,458,307,1980,1980,Malafrena,https://books.google.com/books/content?id=oDL5W9sQWJMC&printsec=frontcover&img=1&zoom=1&source=gbs_api,Berkley Books,"Transports the reader to a Europe of the Imagination, Orsinia, when Itale Sorde is swept up in the revolutionary storms of his day, renouncing both his inheritance and the love of his life for his dream of revolution and the firey woman who wants him for her own.",Fiction
154,Just Once,Karen Kingsbury,2.68,1982104449,9781982104443,en,336,2280,684,570,456,342,228,2023,2023,Just Once,https://books.google.com/books/content?id=S2_dEAAAQBAJ&printsec=frontcover&img=1&zoom=1&edge=curl&source=gbs_api,Simon and Schuster,"""In 1941, beautiful Irvel Ellis is too focused on her secret to take much notice in the war raging overseas. She's dating Sam but in love with his brother, Hank, and Irvel has no idea how to break the news when the unthinkable happens-Pearl Harbor is attacked. With their lives turned upside down overnight, Sam is drafted, and Hank wants to enlist. But Sam insists Hank stay home, where he and Irvel take up the battle on the home front. While Sam fights in Europe, an undeniable chemistry builds between Irvel and Hank but neither would dare cross that line. Then a telegram comes, and the news is devastating. Hank enlists the next day and has just two weeks until he ships out. Will either brother make it home alive? Or will Irvel lose everything? And can love find a way, even from the ashes of the greatest heartbreak?""--",Fiction
155,Marry Me by Sundown,Johanna Lindsey,1.05,1432853252,9781432853259,en,340,4434,1330,1108,886,665,445,2018,2018,Marry Me by Sundown,https://books.google.com/books/content?id=tO0dtQEACAAJ&printsec=frontcover&img=1&zoom=1&source=gbs_api,"Wheeler Publishing, Incorporated","""Published in 2018 by arrangement with Galley Books, an imprint of Simon & Schuster, Inc.""--Copyright page.",Fiction
156,A Cup of Light,Nicole Mones,4.97,8182521791,7973539687755,en,312,7299,72,291,729,1824,4383,2002,2002,A Cup of Light,https://books.google.com/books/content?id=bZArAAAAYAAJ&printsec=frontcover&img=1&zoom=1&source=gbs_api,Simon & Schuster,"Hailed as ""luminous"" by ""The New York Times Book Review, Nicole Mones' bestselling debut novel, Lost in Translation, dazzled critics with a sensuous tale of adventure and awakening set in modern China. A Cup of Light returns to that rich, exotic landscape in an enthralling saga of precious works of art-and the human lives illuminated by them. Written with exquisite grace, A Cup of Light is an intoxicating blend of romance and intrigue, complete with a heroine whose voice is irresistible to the last page. As an appraiser of fine Chinese porcelain, Lia Frank holds fragile beauty in her hands, examines priceless treasure with a magnifying lens. But when Lia looks in the mirror, she sees the flaws in herself, a woman wary of love, cut off from the world around her. Still, when she is sent to Beijing to authenticate a collection of rare pieces, Lia will find herself changing in surprising ways. . .coming alive in the shadow of an astounding mystery. . .drawn into an unfolding saga of art...",Fiction
157,Science Fiction und Labour Fiction,"Peter Seyferth, Falko Blumenthal",4.78,3839470676,9783839470671,de,319,4931,49,197,493,1232,2960,2025,2025,Science Fiction und Labour Fiction,https://books.google.com/books/content?id=jH5LEQAAQBAJ&printsec=frontcover&img=1&zoom=1&edge=curl&source=gbs_api,transcript Verlag,"Science Fiction erfindet faszinierende Zukünfte – sie prägt aber auch die Gegenwart, nicht zuletzt durch technische Inspiration und popkulturelle Sozialisation. Was wir von der Zukunft erwarten und befürchten, das haben wir oft vorher in Science-Fiction-Geschichten gelesen oder gesehen. Dies trifft auch auf die Arbeitswelt zu: Welche technologischen Wandlungen werden uns betreffen? Welche Arbeitskämpfe stehen uns bevor? Und sind Roboter unsere Konkurrenten? Die Beiträger*innen analysieren einige dieser Arbeitszukünfte in ausgesuchten Büchern, Filmen und Spielen – und geben einen Einblick in etwas, das wir noch nicht wissen, uns aber schon vorstellen können.",Political Science
158,Science oder Fiction?,Thomas Ahrendt,2.49,373096075X,9783730960752,de,166,4555,1366,1138,911,683,457,2013,2013,Science oder Fiction?,https://books.google.com/books/content?id=bV4yAgAAQBAJ&printsec=frontcover&img=1&zoom=1&edge=curl&source=gbs_api,BookRix,"Dieses Werk ist für alle gedacht, die sowohl an SF als auch an der Zukunft interessiert sind. Die großen SF-Themen werden behandelt: wie sich die Menschheit vor Alien-Angriffen und vor Planetoiden-Impakten schützen kann; wie Zeitreisen möglich werden, außerdem werden das Holodeck aus Star Trek und der Todesstern und das Lichtschwert aus Star Wars auf eine physikalische Grundlage gestellt. Darüber hinaus wirft das Buch einen Blick auf fantastische Zukunftstechnologien und wie sie diese Themen Wirklichkeit werden lassen, die im Einklang mit der Physik stehen.",Science
159,Big Science Fiction - Kernfusion und Popkultur in den USA,Simon Märkl,2.12,3839449480,9783839449486,de,227,7899,2369,1974,1579,1184,793,2019,2019,Big Science Fiction - Kernfusion und Popkultur in den USA,https://books.google.com/books/content?id=N3jADwAAQBAJ&printsec=frontcover&img=1&zoom=1&edge=curl&source=gbs_api,transcript Verlag,"Die Kernfusion, die in Wasserstoffbomben seit 1954 auf zerstörerische Weise gelingt, zur Stromerzeugung nutzbar zu machen, ist eines der ambitioniertesten Großforschungsprojekte seit dem Manhattan-Projekt. Ihre Geschichte als Zukunftstechnologie im Spiegel öffentlicher Darstellungen illustriert das wechselvolle Verhältnis der amerikanischen Gesellschaft zu den Zielen und der Richtung technologischer Entwicklung. Simon Märkl macht deutlich, dass die Kernfusion als Gegenstand medialer und kultureller Auseinandersetzung dabei zu allen Zeiten nicht nur eine neue Möglichkeit umweltfreundlicher Energieversorgung, sondern immer auch Mittel zur Propagierung politischer Werte und Vorstellungen war.",History
160,"the nucleus is the atom, the electron shells fiction",Helmut Albert,1.86,375416130X,9783754161302,de,31,7041,2112,1760,1408,1056,705,2021,2021,"the nucleus is the atom, the electron shells fiction",https://books.google.com/books/content?id=AHJpEAAAQBAJ&printsec=frontcover&img=1&zoom=1&edge=curl&source=gbs_api,epubli,"With the first nuclear-shell atomic model in history in 1911, Ernest Rutherford postulated a large atomic shell with electrically negative electrons and a small electrically positive atomic nucleus. He considered the atomic nucleus to be a single positive charge around which electrons orbit, or linger, at a great distance. He did not yet know that the atomic nucleus is composed of protons and neutrons. Thus the often quoted comparison of the atom with a planetary system is comprehensible. (The construction principle is still valid for today's atomic model of particle physics). However, this idea quickly becomes nonsensical if one takes into account the later discoveries of the atomic building blocks proton (1919) and neutron (1932). And this in two respects: If one assumes that proton and electron have the same opposite electric charge, then the laws of nature would have to work here as well, as they apply to cations and anions in the structure of the ion crystals. However, the same...",Science
161,"Heute Science Fiction, morgen Realität?",Gerd Ganteför,3.04,3527693203,9783527693207,de,234,6638,663,995,2655,1659,666,2016,2016,"Heute Science Fiction, morgen Realität?",https://books.google.com/books/content?id=gcTCDAAAQBAJ&printsec=frontcover&img=1&zoom=1&edge=curl&source=gbs_api,John Wiley & Sons,Die Visionen von heute können die Realität von morgen sein - die Naturwissenschaften werden auch in Zukunft die Grenzen der menschlichen Erkenntnis immer weiter hinausschieben!,Science
162,"The nucleus ist the atom, the electron shell fiction",Helmut Albert,3.77,3756532283,9783756532285,de,46,2203,110,220,550,881,442,2022,2022,"The nucleus ist the atom, the electron shell fiction",https://books.google.com/books/content?id=QaaLEAAAQBAJ&printsec=frontcover&img=1&zoom=1&edge=curl&source=gbs_api,epubli,"As already more than 100 years ago, also according to today's conception, an atom should consist of an atomic nucleus and an atomic shell. An atom is considered as a triple system with electrons in the atomic shell and protons and neutrons in the atomic nucleus. The properties of chemical elements are said to depend on the electrons and electron configurations. What electrical charge an atom has is determined by the ratio of electrons and protons. According to the theory of the checkerboard-planar atomic structure, these ideas are backward and a mistake. The checkerboard-planar atomic structure assumes a binary system of atoms. According to it, the nucleus is the atom and the shell is fiction. The protons and neutrons of the atom, form the whole mass. Protons are right-handed and neutrons left-handed, fast rotating building blocks of the atom. Spin-Up and Spin-Down. Based on these properties, protons and neutrons build up into atomic rectangles. This happens checkerboard-planar in t...",Science
163,The Philosophy of Science Fiction Film,Steven Sanders,4.0,0813172810,9780813172811,en,241,2,0,0,0,0,2,2007,2007,The Philosophy of Science Fiction Film,https://books.google.com/books/content?id=xIU9d6W3vEkC&printsec=frontcover&img=1&zoom=1&edge=curl&source=gbs_api,University Press of Kentucky,"The science fiction genre maintains a remarkable hold on the imagination and enthusiasm of the filmgoing public, captivating large audiences worldwide and garnering ever-larger profits. Science fiction films entertain the possibility of time travel and extraterrestrial visitation and imaginatively transport us to worlds transformed by modern science and technology. They also provide a medium through which questions about personal identity, moral agency, artificial consciousness, and other categories of experience can be addressed. In The Philosophy of Science Fiction Film, distinguished authors explore the storylines, conflicts, and themes of fifteen science fiction film classics, from Metropolis to The Matrix. Editor Steven M. Sanders and a group of outstanding scholars in philosophy, film studies, and other fields raise science fiction film criticism to a new level by penetrating the surface of the films to expose the underlying philosophical arguments, ethical perspectives, and m...",Performing Arts
164,Science Fact and Science Fiction,Brian M. Stableford,5.0,0415974607,9780415974608,en,758,1,0,0,0,0,1,2006,2006,Science Fact and Science Fiction,https://books.google.com/books/content?id=uefwmdROKTAC&printsec=frontcover&img=1&zoom=1&edge=curl&source=gbs_api,Taylor & Francis,Publisher description,Fiction
165,Science Fiction Prototyping,Brian David Johnson,3.79,1608456552,9781608456550,en,191,8848,442,884,2212,3539,1771,2011,2011,Science Fiction Prototyping,https://books.google.com/books/content?id=sbv3E9-vueUC&printsec=frontcover&img=1&zoom=1&edge=curl&source=gbs_api,Morgan & Claypool Publishers,"Science fiction is the playground of the imagination. If you are interested in science or fascinated with the future then science fiction is where you explore new ideas and let your dreams and nightmares duke it out on the safety of the page or screen. But what if we could use science fiction to do more than that? What if we could use science fiction based on science fact to not only imagine our future but develop new technologies and products? What if we could use stories, movies and comics as a kind of tool to explore the real world implications and uses of future technologies today? Science Fiction Prototyping is a practical guide to using fiction as a way to imagine our future in a whole new way. Filled with history, real world examples and conversations with experts like best selling science fiction author Cory Doctorow, senior editor at Dark Horse Comics Chris Warner and Hollywood science expert Sidney Perkowitz, Science Fiction Prototyping will give you the tools you need to ...",Computers
166,From Science Fiction to Science Facts,C. B. Don,1.0,0967008484,9780967008486,en,142,1,0,0,0,0,1,2005,2005,From Science Fiction to Science Facts,https://books.google.com/books/content?id=2WRZFwoGe6sC&printsec=frontcover&img=1&zoom=1&edge=curl&source=gbs_api,Macmillan Publishers,"""FROM SCIENCE FICTION TO SCIENCE FACTS"" is the non-fiction companion study guide to the fantastic science-fiction novel, ""Accused By Facet-Eyes"". It is a unique teaching/learning approach, which pairs literary entertainment with fascinating life science facts. Academic enrichment for nature-loving readers, middle-, high-school and college students. Intended for mainstream, supplementary and home schooling education. Readers will learn why honeybees are endangered worldwide; their pivotal role in pollination and will better appreciate the essential, mutual interdependence with humankind. Eye-opening life science facts point out important interactions of biology, chemistry and physics with contemporary issues in ecology and human-induced environmental hazards from a global, social perspective. ""From Science Fiction To Science Facts"" is a great time-saver for busy educators. Over 400 easily accessed references support the science facts; an overview of the science topics shows their rel...",Education
167,Shikitei Sanba and the Comic Tradition in Edo Fiction,Robert W. Leutner,5.0,0674806468,9780674806467,en,260,5983,59,239,598,1495,3592,1985,1985,Shikitei Sanba and the Comic Tradition in Edo Fiction,https://books.google.com/books/content?id=AtEia3SMHVwC&printsec=frontcover&img=1&zoom=1&edge=curl&source=gbs_api,Harvard Univ Asia Center,"This book is a critical treatment of a Shikitei Sanba (1776-1822), a major writer of gesaku (playful compositions, many in the comic vein).",Biography & Autobiography
168,Science fiction and innovation,Thomas Michaud,3.32,295325739X,9782953257397,en,136,5609,560,841,2243,1402,563,2008,2008,Science fiction and innovation,https://books.google.com/books/content?id=IU3hheKb2TYC&printsec=frontcover&img=1&zoom=1&edge=curl&source=gbs_api,michaud,This is a fictional description for the book 'Science fiction and innovation' by Thomas Michaud.,Business & Economics
169,Fiction in French - Fiction in Soviet,British Library,1.6,3111576698,9783111576695,en,464,8519,2555,2129,1703,1277,855,2013,2013,Fiction in French - Fiction in Soviet,https://books.google.com/books/content?id=nScjAAAAQBAJ&printsec=frontcover&img=1&zoom=1&edge=curl&source=gbs_api,Walter de Gruyter,This is a fictional description for the book 'Fiction in French - Fiction in Soviet' by British Library.,Reference
170,Logik; eine Untersuchung der Principien der Erkenntniss und der Methoden wissenschaftlicher Forschung: Methodenlehre: 1. Abt. Allgemeine Methodenlehre; Logik der Mathematik und der Naturwissenschaften. 2. Abt. Logik der Geisteswissenschaften,Wilhelm Max Wundt,3.22,6846584975,4869198114424,de,664,9749,974,1462,3899,2437,977,1895,1895,Logik; eine Untersuchung der Principien der Erkenntniss und der Methoden wissenschaftlicher Forschung: Methodenlehre: 1. Abt. Allgemeine Methodenlehre; Logik der Mathematik und der Naturwissenschaften. 2. Abt. Logik der Geisteswissenschaften,https://books.google.com/books/content?id=7hRSAQAAMAAJ&printsec=frontcover&img=1&zoom=1&edge=curl&source=gbs_api,Penguin Random House,This is a fictional description for the book 'Logik; eine Untersuchung der Principien der Erkenntniss und der Methoden wissenschaftlicher Forschung: Methodenlehre: 1. Abt. Allgemeine Methodenlehre; Logik der Mathematik und der Naturwissenschaften. 2. Abt. Logik der Geisteswissenschaften' by Wilhelm Max Wundt.,"Knowledge, Theory of"
171,Logik,Wilhelm Max Wundt,2.87,8436381555,5957567908116,de,660,271,81,67,54,40,29,1895,1895,Logik,https://books.google.com/books/content?id=HENJ2jNpvf8C&printsec=frontcover&img=1&zoom=1&edge=curl&source=gbs_api,Oxford University Press,This is a fictional description for the book 'Logik' by Wilhelm Max Wundt.,"Knowledge, Theory of"
172,Science Fiction,"Isaac Asimov, Greg Walz-Chojnacki, Francis Reddy",3.45,0836812247,9780836812244,en,38,1474,147,221,589,368,149,1995,1995,Science Fiction,https://books.google.com/books/content?id=O72EoPJN4mUC&printsec=frontcover&img=1&zoom=1&source=gbs_api,Gareth Stevens Publishing,This book compares science fiction with science fact.,Juvenile Nonfiction
173,The Science in Science Fiction,Peter Nicholls,4.79,0517653354,9780517653357,en,210,2887,28,115,288,721,1735,1987,1987,The Science in Science Fiction,https://books.google.com/books/content?id=JwzlR3vbcjcC&printsec=frontcover&img=1&zoom=1&source=gbs_api,Crescent,This is a fictional description for the book 'The Science in Science Fiction' by Peter Nicholls.,Science
174,Fiction in American Magazines Before 1800,Edward W. R. Pitcher,3.79,7353975622,6526577761533,en,344,6613,330,661,1653,2645,1324,1993,1993,Fiction in American Magazines Before 1800,https://books.google.com/books/content?id=opEUAQAAIAAJ&printsec=frontcover&img=1&zoom=1&source=gbs_api,Union College Press,"An easy-to-use identification manual for plants in eastern United States. Identification is through keys in which the matching of plant characteristics leads to family, genus, species and common name. The book also lists flowering dates, habitat and degree of rarity.",Language Arts & Disciplines
175,Music in Contemporary British Fiction,Gerry Smyth,3.37,0118783925,6144057867165,en,264,5710,571,856,2284,1427,572,2008,2008,Music in Contemporary British Fiction,https://books.google.com/books/content?id=UbULAQAAMAAJ&printsec=frontcover&img=1&zoom=1&source=gbs_api,Palgrave MacMillan,Movie Watchers Guide to Enlightenment describes helpful movies in healing and Awakening to Truth.,Fiction
176,Science & Technology in Fact and Fiction,"DayAnn M. Kennedy, Stella S. Spangler, Mary Ann Vanderwerf",3.43,7087451485,7402804347329,en,392,5222,522,783,2088,1305,524,1990,1990,Science & Technology in Fact and Fiction,https://books.google.com/books/content?id=_FbgAAAAMAAJ&printsec=frontcover&img=1&zoom=1&source=gbs_api,R. R. Bowker,"Grade level: 8, 9, 10, 11, 12, i, s.",Literary Criticism
177,A Reader's Guide to Australian Fiction,Laurie Clancy,4.31,9454273686,4929556933478,en,392,3179,63,254,476,1112,1274,1992,1992,A Reader's Guide to Australian Fiction,https://books.google.com/books/content?id=DedZAAAAMAAJ&printsec=frontcover&img=1&zoom=1&source=gbs_api,"Oxford University Press, USA",This authoritative and comprehensive reference book is the first chronological account of the major Australian fiction writers from 1830 to the 1990s. Brief biographical information on the writers accompanies a critical discussion of the work. Each entry stands alone but the book can be read as a chronological account of the extraordinary development of Australian fiction over a period of 160 years.,Literary Criticism
178,Biotechnological and Medical Themes in Science Fiction,Domna Pastourmatzi,1.25,9995711359,390821711320,en,524,629,188,157,125,94,65,2002,2002,Biotechnological and Medical Themes in Science Fiction,https://books.google.com/books/content?id=5n9ZAAAAMAAJ&printsec=frontcover&img=1&zoom=1&source=gbs_api,Scholastic,This is a fictional description for the book 'Biotechnological and Medical Themes in Science Fiction' by Domna Pastourmatzi.,Biology in literature
179,The Supernatural and English Fiction,Glen Cavaliero,2.13,1045735922,6940165035170,en,296,393,117,98,78,58,42,1995,1995,The Supernatural and English Fiction,https://books.google.com/books/content?id=AzFaAAAAMAAJ&printsec=frontcover&img=1&zoom=1&source=gbs_api,"Oxford University Press, USA","This book is the first ever to describe and discuss all the principal English writers who have handled the subject of the supernatural. Among those included in Glen Cavaliero's absorbing study are James Hogg, Sheridan Le Fanu, Henry James, Rudyard Kipling, Walter de la Mare, M. R. James, John Cowper Powys, William Golding, Iris Murdoch, and Muriel Spark. As well as analysing the senses in which the supernatural may be understood, he relates them to different kinds of fiction, such as the Gothic novel, the occultist romance, the ghost story, novels of paranormal psychology, nature mysticism, and late twentieth-century uses of allegory and fable. He examines the impact of supernaturalist themes upon naturalistic writers, and discusses the relevance of the supernatural to the question of the truthfulness of fiction, and to contemporary literary theory and its ideological accompaniments.",History
180,"Space, Cosmology and Fiction",Joan Solomon,3.3,5169576649,5509835272923,en,56,5716,571,857,2286,1429,573,1983,1983,"Space, Cosmology and Fiction",https://books.google.com/books/content?id=6iVFAAAAYAAJ&printsec=frontcover&img=1&zoom=1&source=gbs_api,Wiley-Blackwell,"""Space, Cosmology and Fiction begins with the confrontation between Galileo and the Church. It then follows some of the scientific discoveries which led to modern cosmology, to the excitement of science fiction, and to the present possibilities of space technology""--Page 4 of cover.",Literary Criticism
181,History and Fiction in Galdós's Narratives,Geoffrey Ribbans,4.41,0505711679,5517192325295,en,336,6432,128,514,964,2251,2575,1993,1993,History and Fiction in Galdós's Narratives,https://books.google.com/books/content?id=BiNfAAAAMAAJ&printsec=frontcover&img=1&zoom=1&source=gbs_api,"Oxford University Press, USA","Galdos wrote prolifically in two distinct narrative modes: some twenty major 'contemporary novels' in the realist tradition and a special sort of historical novel he called the episodio nacional. The reign of Isabella II (1843-68) and the revolutionary period which followed until 1875 was a time of exceptional volatility in Spain, and Geoffrey Ribbans's comprehensive study shows how each of Galdos's two narrative modes adopts a particular technique in its treatment of Spanish history and politics. The episodio is tightly bound to historical events and timescale, though it skilfully incorporates its fictional characters into this framework; the novel on the other hand is embedded in historical reality in a constant but less systematic manner.",Literary Criticism
182,Holt Anthology of Science Fiction,Holt Rinehart & Winston,2.6,0030529476,9780030529474,en,324,5851,1755,1462,1170,877,587,2000,2000,Holt Anthology of Science Fiction,https://books.google.com/books/content?id=p4iTbQm8kR8C&printsec=frontcover&img=1&zoom=1&source=gbs_api,Holt McDougal,Includes: an introduction to the genre of science fiction -- stories relating to the various areas of science by leading authors in the field -- Bibliographical information on authors -- References for additional reading -- Critical thinking questions.,Juvenile Fiction
183,Stranger Than Fiction,Melvin Berger,4.47,0380760363,9780380760367,en,100,6350,127,508,952,2222,2541,1990,1990,Stranger Than Fiction,https://books.google.com/books/content?id=c8EU07habLEC&printsec=frontcover&img=1&zoom=1&source=gbs_api,Simon & Schuster,"This account explores the world of killer bees, fire ants, & other such bugs.",Juvenile Nonfiction
184,Content-Based Chapter Books Fiction (Science: Planet Patrol): Antarctic Adventure,Rebecca L. Johnson,4.8,0792258525,9780792258520,en,68,613,6,24,61,153,369,2007,2007,Content-Based Chapter Books Fiction (Science: Planet Patrol): Antarctic Adventure,https://books.google.com/books/content?id=SZ1iE5WfIOIC&printsec=frontcover&img=1&zoom=1&source=gbs_api,National Geographic Society,"""Four students travel to dry, icy Antarctica to study the AdeÌ1lie penguins. They use all they have learned to make an important rescue by themselves""--Publisher's website",Language Arts & Disciplines
185,The Country of the Pointed Firs and Other Fiction,Sarah Orne Jewett,4.23,3539209663,317974303409,en,404,6324,126,505,948,2213,2532,1996,1996,The Country of the Pointed Firs and Other Fiction,https://books.google.com/books/content?id=46gfAQAAIAAJ&printsec=frontcover&img=1&zoom=1&source=gbs_api,"Oxford University Press, USA","This volume includes Jewett's classic novella and 13 of her short stories, written towards the end of her career. The introduction, a pharmacopoeia, and extensive explanatory notes suggest a variety of ways to explore Jewett's subtle fiction.",Fiction
186,Fact and Fiction in Modern Science,Henry Vincent Gill,4.85,1290543331,9698376566736,en,214,6325,63,253,632,1581,3796,1944,1944,Fact and Fiction in Modern Science,https://books.google.com/books/content?id=kAc6AAAAMAAJ&printsec=frontcover&img=1&zoom=1&source=gbs_api,Macmillan Publishers,This is a fictional description for the book 'Fact and Fiction in Modern Science' by Henry Vincent Gill.,Catholics
187,British Fantasy and Science-fiction Writers Before World War I,Darren Harris-Fain,2.04,0846422504,6027802084037,en,392,1428,428,357,285,214,144,1997,1997,British Fantasy and Science-fiction Writers Before World War I,https://books.google.com/books/content?id=S8wUAQAAIAAJ&printsec=frontcover&img=1&zoom=1&source=gbs_api,Dictionary of Literary Biograp,"Essays on British writers of fantasy and science fiction during a time when science, technology and industrialization made increasingly impressive inroads from the Enlightenment to World War I.A gradual emphasis on social improvement, including literature, involved efforts to increase literacy through expanding material to read. During this period, publication of newspapers, penny dreadfuls and dime novels lead to pulp magazines and other popular periodicals.",Biography & Autobiography
188,Technology Fiction,"Uwe Fraunholz, Anke Woschech",2.46,3839420725,9783839420720,de,309,7445,2233,1861,1489,1116,746,2014,2014,Technology Fiction,https://books.google.com/books/content?id=QanJBAAAQBAJ&printsec=frontcover&img=1&zoom=1&edge=curl&source=gbs_api,transcript Verlag,"Zu den zentralen Merkmalen der Hochmoderne zählte ein von technischen Visionen und Utopien befeuertes szientistisches Fortschrittsversprechen. Anhand historischer Fallstudien zu zeitgenössischen Technikdiskursen und den dabei vorgenommenen Bedeutungszuschreibungen untersuchen die Beiträge in diesem Band, welche Rolle technische Visionen und Utopien bei der Entstehung und für das robuste Beharrungsvermögen des omnipräsenten Technikoptimismus spiel(t)en. Neben Energie- und Mobilitätsvisionen werden spezifisch sozialistische Technikutopien sowie Medien der Popularisierung in den Blick genommen.",History
189,Notices of the Proceedings,Royal Institution of Great Britain,3.04,8937155040,9780960703928,en,638,9385,938,1407,3754,2346,940,1887,1887,Notices of the Proceedings,https://books.google.com/books/content?id=9JVscuBcAw8C&printsec=frontcover&img=1&zoom=1&edge=curl&source=gbs_api,Wiley,This is a fictional description for the book 'Notices of the Proceedings' by Royal Institution of Great Britain.,Science
190,"The Saturday Review of Politics, Literature, Science and Art","Michael Miller, John Anderson, Robert Moore",3.63,7331675600,6544534484374,en,840,9535,476,953,2383,3814,1909,1876,1876,"The Saturday Review of Politics, Literature, Science and Art",https://books.google.com/books/content?id=eOhAAQAAMAAJ&printsec=frontcover&img=1&zoom=1&edge=curl&source=gbs_api,HarperCollins,"This is a fictional description for the book 'The Saturday Review of Politics, Literature, Science and Art' by Michael Miller, John Anderson, Robert Moore.",Art
191,"The Saturday Review of Politics, Literature, Science, Art, and Finance",Linda Moore,1.16,8498450391,9298221207395,en,952,2961,888,740,592,444,297,1887,1887,"The Saturday Review of Politics, Literature, Science, Art, and Finance",https://books.google.com/books/content?id=y1sxAQAAMAAJ&printsec=frontcover&img=1&zoom=1&edge=curl&source=gbs_api,Oxford University Press,"This is a fictional description for the book 'The Saturday Review of Politics, Literature, Science, Art, and Finance' by Linda Moore.",Art
192,"Walford's Guide to Reference Material: Generalia, language and literature, the arts","Albert John Walford, Marilyn Mullay, Priscilla Schlicke, Library Association",4.15,0373301250,2055606352542,en,1212,9468,189,757,1420,3313,3789,1996,1996,"Walford's Guide to Reference Material: Generalia, language and literature, the arts",https://books.google.com/books/content?id=XlfhAAAAMAAJ&printsec=frontcover&img=1&zoom=1&source=gbs_api,London : Library Association Publishing,"From its first edition the purpose of Walford has been to identify and evaluate the widest possible range of reference materials. No rigid definition of reference is applied. In addition to the expected bibliographies, indexes, dictionaries, encyclopaedias, and directories, a number of important textbooks and manuals of general practice are included. While the majority of the items are books, Walford is a guide to reference material. Thus periodical articles, microforms, online and CD-ROM sources are all represented. In this volume a particular effort has been made to improve coverage of the latter two categories.",Art
193,Journal and Proceedings of the Hamilton Association,"Michael Wilson, David Davis, James Thomas",1.83,0059730519,852999613695,en,988,7886,2365,1971,1577,1182,791,1891,1891,Journal and Proceedings of the Hamilton Association,https://books.google.com/books/content?id=lK47AQAAMAAJ&printsec=frontcover&img=1&zoom=1&edge=curl&source=gbs_api,Oxford University Press,"This is a fictional description for the book 'Journal and Proceedings of the Hamilton Association' by Michael Wilson, David Davis, James Thomas.",Science
194,"Notices of the Proceedings at the Meetings of the Members of the Royal Institution, with Abstracts of the Discourses",Royal Institution of Great Britain,4.88,4558675981,6707655310782,en,632,4460,44,178,446,1115,2677,1887,1887,"Notices of the Proceedings at the Meetings of the Members of the Royal Institution, with Abstracts of the Discourses",https://books.google.com/books/content?id=XMoNAQAAIAAJ&printsec=frontcover&img=1&zoom=1&edge=curl&source=gbs_api,Scholastic,"This is a fictional description for the book 'Notices of the Proceedings at the Meetings of the Members of the Royal Institution, with Abstracts of the Discourses' by Royal Institution of Great Britain.",Science
195,Journal and Proceedings of the Hamilton Association,Hamilton Association,3.12,8040019633,8927857423117,en,814,2424,242,363,969,606,244,1891,1891,Journal and Proceedings of the Hamilton Association,https://books.google.com/books/content?id=RpY5mhHCkjUC&printsec=frontcover&img=1&zoom=1&edge=curl&source=gbs_api,Macmillan Publishers,This is a fictional description for the book 'Journal and Proceedings of the Hamilton Association' by Hamilton Association.,Science
196,Current,"Emily Moore, John Taylor, David Johnson",4.54,9552247552,9702729031128,en,444,105,1,4,10,26,64,1884,1884,Current,https://books.google.com/books/content?id=0xDnAAAAMAAJ&printsec=frontcover&img=1&zoom=1&edge=curl&source=gbs_api,Cambridge University Press,"This is a fictional description for the book 'Current' by Emily Moore, John Taylor, David Johnson.",Art
198,The Visitor,Lee Child,3.78,0553811886,9780553811889,en,516,9881,494,988,2470,3952,1977,2001,2001,The Visitor,https://books.google.com/books/content?id=UGUahZnpa0MC&printsec=frontcover&img=1&zoom=1&source=gbs_api,Random House,"Sergeant Amy Callan and Lieutenant Caroline Cook have a lot in common. Both were army high-flyers. Both were acquainted with Jack Reacher. Both were forced to resign from the service. Now they're both dead. Both were found in their own home, naked, in a bath full of paint. Both apparent victims of an army man. A loner, a smart guy with a score to settle, a ruthless vigilante. A man just like Jack Reacher.",Armies
199,He Will Be My Ruin,K.A. Tucker,3.84,1501112074,9781501112072,en,352,2677,133,267,669,1070,538,2016,2016,He Will Be My Ruin,https://books.google.com/books/content?id=LlV2CwAAQBAJ&printsec=frontcover&img=1&zoom=1&edge=curl&source=gbs_api,Simon and Schuster,"K.A. Tucker makes her suspense debut with this sexy, heart pounding story of a young woman determined to find justice after her best friend's death.",Fiction
201,The Eleventh Commandment,Jeffrey Archer,3.5,2612269735,3845393433970,en,360,11,0,1,2,4,4,1998,1998,The Eleventh Commandment,https://books.google.com/books/content?id=yRSoAAAAIAAJ&printsec=frontcover&img=1&zoom=1&source=gbs_api,Oxford University Press,"ELEVENTH COMMANDMENT Jeffrey Archer Connor Fitzgerald has an impressive resume. Military hero. Devoted family man. Servant of his country--as an assassin. Just as he's about to put his twenty-eight-year career at the CIA behind him, he comes up against the most dangerous enemy he's ever faced: His own boss, Helen Dexter."""" As Director of the CIA, Dexter has always been the one to hold the strings. But when her status is threatened by a greater power, her only hope for survival is to destroy Fitzgerald. Meanwhile, the country braces itself as tensions with a new Russian leader reach the boiling point...and it's up to Fitzgerald to pull off his most daring mission yet: To save the world. Even if that means risking everything--including his own life--in the process.",Fiction
202,Harbour,John Ajvide Lindqvist,4.45,1921656670,9781921656675,en,451,6373,127,509,955,2230,2552,2010,2010,Harbour,https://books.google.com/books/content?id=BjqT3okyFrkC&printsec=frontcover&img=1&zoom=1&source=gbs_api,Text Publishing,"On a winter trip home to the island of Domarö, Anders and Cecilia take their six-year-old daughter Maja across the ice to visit the lighthouse at Gåvasten. And Maja disappears. Leaving not even a footprint in the snow. Two years later, alone and more or less permanently drunk, Anders returns to Domarö to confront his despair. He slowly realises that Maja's disappearance is not the first inexplicable tragedy to strike the islanders. Nor is everyone telling him all they know; even his own mother, it seems, is keeping secrets. And what is it about the sea? There's something very bad happening on Domarö. Something that involves the sea itself. As he did with Let the Right One Inand Handling the Undead, John Ajvide Lindqvist serves up a masterful cocktail of suspense laced with bizarre humour and a narrative that barely pauses for breath. Harbour is also a heartbreaking study of loss and guilt and a novel whose epic climax pits the infinite force of nature against the implacable love of ...",Fiction
203,The Testament,John Grisham,2.42,4560516902,6284402051259,en,452,9912,2973,2478,1982,1486,993,1999,1999,The Testament,https://books.google.com/books/content?id=Nq5aAAAAMAAJ&printsec=frontcover&img=1&zoom=1&source=gbs_api,Doubleday,"A suicidal billionaire, a burnt-out Washington litigator, and a woman who has forsaken technology to work in the wilds of Brazil are all brought together by an astounding mystery of the testament.",Fiction
204,The Last Temptation,Val McDermid,2.26,1510006893,9781510006898,en,478,2882,864,720,576,432,290,2016,2016,The Last Temptation,https://books.google.com/books/content?id=p9WYDAEACAAJ&printsec=frontcover&img=1&zoom=1&source=gbs_api,Clipper Audio,"A twisted killer targeting psychologists has left a grisly trail across Europe. Dr Tony Hill, expert at mapping the minds of murderers, is reluctant to get involved. But then the next victim is much closer to home... Meanwhile, his former partner DCI Carol Jordan is working undercover in Berlin, on a dangerous operation to trap a millionaire trafficker. When the game turns nasty, Tony is the only person she can call on for help.",Audiobooks
205,Skin Privilege,Karin Slaughter,3.15,0099553120,9780099553120,en,578,1256,125,188,502,314,127,2011,2011,Skin Privilege,https://books.google.com/books/content?id=8GfMjPUExuIC&printsec=frontcover&img=1&zoom=1&source=gbs_api,Random House,"It's no simple case of murder. The charred remains of a woman have been found, and Detective Lena Adams is charged with homicide. The evidence leads Sara Linton - Grant Country's resident medical examiner/pediatrician - and her husband, police chief Jeffrey Tolliver, to those who are poisoning a small town with their sickening hatred.",Fiction
206,The Last Widow,Karin Slaughter,2.78,1460757025,9781460757024,en,464,8003,2400,2000,1600,1200,803,2019,2019,The Last Widow,https://books.google.com/books/content?id=decMwQEACAAJ&printsec=frontcover&img=1&zoom=1&source=gbs_api,Cambridge University Press,"New York Times bestselling author Karin Slaughter brings back Will Trent and Sara Linton in this superb and timely thriller full of devious twists, disturbing secrets, and shocking surprises you won't see coming. A mysterious kidnapping On a hot summer night, a scientist from the Centers for Disease Control is grabbed by unknown assailants in a shopping center parking lot. Vanished into thin air, the authorities are desperate to save the doctor. A devastating explosion One month later, the serenity of a sunny Sunday afternoon is shattered by the boom of a ground-shaking blast-followed by another seconds later. One of Atlanta's busiest and most important neighborhoods has been bombed-the location of Emory University, two major hospitals, the FBI headquarters, and the CDC. A diabolical enemy Medical examiner Sara Linton and her partner Will Trent, an investigator with the Georgia Bureau of Investigation, rush to the scene-and into the heart of a deadly conspiracy that threatens to des...",Government investigators
207,The Shadow of the Wind,Carlos Ruiz Zafón,2.82,1920885102,9781920885106,en,521,8562,2568,2140,1712,1284,858,2004,2004,The Shadow of the Wind,https://books.google.com/books/content?id=yoUFRQAACAAJ&printsec=frontcover&img=1&zoom=1&source=gbs_api,Macmillan Publishers,"It is 1945 and Barcelona is enduring the long aftermath of civil war when Daniel Sempere's bookseller father decides his son is old enough to visit the secret Cemetery of Forgotten Books. There Daniel must adopt a single book, promising to care for it and keep it alive always. His choice falls on The Shadow of the Wind. Bewitched, he embarks on an epic quest to find the truth about Julian Carax, the book's mysterious author. Soon Daniel is consumed by strange discoveries about love and obsession, art and life, and how they become entangled within the shadow world of books. The Shadow of the Wind is a mesmerising love story and literary thriller, which twists and turns and enthrals with its cast of vengeful souls, threatening spectres and innocent hearts.",Barcelona (Spain)
208,Alex,Pierre Lemaître,3.31,1471253325,9781471253324,en,599,9618,961,1442,3847,2404,964,2014,2014,Alex,https://books.google.com/books/content?id=tAMGoQEACAAJ&printsec=frontcover&img=1&zoom=1&source=gbs_api,Clipper Audio,"In kidnapping cases, the first few hours are crucial. Alex Prévost - beautiful, resourceful, tough - may be no ordinary victim, but her time is running out. Commandant Camille Verhoeven and his detectives have nothing to go on: all they know is that a girl was snatched off the streets of Paris and bundled into a white van. The enigma that is the fate of Alex will keep Verhoeven guessing until the bitter, bitter end. And before long, saving her life will be the least of his worries.",Crime
209,Tripwire,Lee Child,4.06,0857500066,9780857500069,en,548,9581,191,766,1437,3353,3834,2011,2011,Tripwire,https://books.google.com/books/content?id=MBtctNppOJAC&printsec=frontcover&img=1&zoom=1&source=gbs_api,Random House,"Jack Reacher's anonymity in Key West is shattered by the appearance of a private investigator who' come to town looking for him. But only hours after his arrival, the stranger is murdered. Retracing the PI's cold trail back to New York City, Reacher is compelled to find out who was looking for him and why. He never expected the reasons to be so personal, so dangerous, and so very twisted.",Detective and mystery fiction
210,The Gray Man,Mark Greaney,4.3,0751550256,9780751550252,en,480,5821,116,465,873,2037,2330,2014,2014,The Gray Man,https://books.google.com/books/content?id=vtSrngEACAAJ&printsec=frontcover&img=1&zoom=1&source=gbs_api,Sphere,"'Hard, fast, and unflinching-exactly what a thriller should be.' Lee Child The first in the Court Gentry all-action thriller series, from Tom Clancy's co-writer Mark Greaney. To those who lurk in the shadows, he's known as the Gray Man. He is a legend in the covert realm, moving silently from job to job, accomplishing the impossible and then fading away. And he always hits his target. But there are forces more lethal than Gentry in the world. Forces like money. And power. And there are men who hold these as the only currency worth fighting for. In their eyes, Gentry has just outlived his usefulness. But Court Gentry is going to prove that, for him, there's no grey area between killing for a living and killing to stay alive... *********************** 'Bourne for the new millenium' New York Times bestselling author James Rollins 'A high-octane thriller that doesn't pause for more than a second for all of its 464 pages...For readers looking for a thriller where the action comes fast an...","Gentry, Court (Fictitious character)"
211,Catching Fire,Suzanne Collins,2.47,0545222451,9780545222457,en,391,744,223,186,148,111,76,2009,2009,Catching Fire,https://books.google.com/books/content?id=1oxGzgEACAAJ&printsec=frontcover&img=1&zoom=1&source=gbs_api,Scholastic,Katniss Everdeen continues to struggle to protect herself and her family from the Capitol in this second novel from the bestselling Hunger Games trilogy.,JUVENILE FICTION
212,Six Four,Hideo Yokoyama,1.06,1848665261,9781848665262,en,634,9664,2899,2416,1932,1449,968,2016,2016,Six Four,https://books.google.com/books/content?id=ePsFswEACAAJ&printsec=frontcover&img=1&zoom=1&source=gbs_api,Riverrun,"SIX FOUR. THE NIGHTMARE NO PARENT COULD ENDURE. THE CASE NO DETECTIVE COULD SOLVE. THE TWIST NO READER COULD PREDICT. For five days in January 1989, the parents of a seven-year-old Tokyo schoolgirl sat and listened to the demands of their daughter's kidnapper. They would never learn his identity. They would never see their daughter again. For the fourteen years that followed, the Japanese public listened to the police's apologies. They would never forget the botched investigation that became known as 'Six Four'. They would never forgive the authorities their failure. For one week in late 2002, the press officer attached to the police department in question confronted an anomaly in the case. He could never imagine what he would uncover. He would never have looked if he'd known what he would find.",Cold cases (Criminal investigation)
213,Brother Odd,Dean Ray Koontz,4.5,0553589105,9780553589108,en,466,4,0,0,0,1,3,2007,2007,Brother Odd,https://books.google.com/books/content?id=HuWP4w41tOEC&printsec=frontcover&img=1&zoom=1&source=gbs_api,Bantam,"Loop me in, odd one.The words, spoken in the deep of night by a sleeping child, chill the young man watching over her. For this was a favorite phrase of Stormy Llewellyn, his lost love, and Stormy is dead, gone forever from this world. In the haunted halls of the isolated monastery where he had sought peace, Odd Thomas is stalking spirits of an infinitely darker nature Through twoNew York Timesbestselling novels Odd Thomas has established himself as one of the most beloved and unique fictional heroes of our time. Now, wielding all the power and magic of a master storyteller at the pinnacle of his craft, Dean Koontz follows Odd into a singular new world where he hopes to make a fresh beginning—but where he will meet an adversary as old and inexorable as time itself. St. Bartholomew’s Abbey sits in majestic solitude amid the wild peaks of California’s high Sierra, a haven for children otherwise abandoned, and a sanctuary for those seeking insight. Odd Thomas has come here to learn to ...",Abandoned children
214,Artifact,"Kevin J. Anderson, Janet Berliner, Matthew Costello",4.25,076530063X,9780765300638,en,300,4339,86,347,650,1518,1738,2003,2003,Artifact,https://books.google.com/books/content?id=M0PEOj7I9IkC&printsec=frontcover&img=1&zoom=1&source=gbs_api,Macmillan,The discovery of four stones of non-earthly origin triggers a deadly race to find the final piece and complete the mysterious artifact.,Fiction
215,The Stranger Diaries,Elly Griffiths,2.19,1786487411,9781786487414,en,329,9915,2974,2478,1983,1487,993,2019,2019,The Stranger Diaries,https://books.google.com/books/content?id=lG-0tQEACAAJ&printsec=frontcover&img=1&zoom=1&source=gbs_api,Oxford University Press,"THE TIMES CRIME BOOK OF THE YEAR. THE RICHARD & JUDY BOOK CLUB PICK. 'Utterly bewitching ... a pitch-perfect modern Gothic' AJ FINN, author of THE WOMAN IN THE WINDOW A dark story has been brought to terrifying life. Can the ending be rewritten in time? This is what the police know: English teacher Clare Cassidy's friend Ella has just been murdered. Clare and Ella had recently fallen out. Found beside the body was a line from The Stranger, a story by the Gothic writer Clare teaches, and the murder scene is identical to one of the deaths in the story. This is what Clare knows: No one else was aware of her fight with Ella. Few others have even read The Stranger. Someone has wormed their way into her life and her work. They know her darkest secrets. And they don't mean well. This is what the killer knows: Who will be next to die. 'Compelling, intelligent and increasingly mesmerising' PETER JAMES 'Picks up where the great Gothic thrillers of the past leave off ... goose-bump spooky, sma...",Fiction
216,A Game for Heroes,Jack Higgins,4.0,0425183041,9780425183045,en,324,3,0,0,0,1,2,2002,2002,A Game for Heroes,https://books.google.com/books/content?id=czJ-qu4ZisoC&printsec=frontcover&img=1&zoom=1&source=gbs_api,G.P. Putnam's Sons,Intrepid British spy and soldier of fortune Owen Morgan leads a hard-nosed gang of commandos on a mission to destroy an island fortress of the Third Reich in the English Channel.,Fiction
217,Strange Sally Diamond,Liz Nugent,1.56,0241993571,9780241993576,en,115,3586,1075,896,717,537,361,2024,2024,Strange Sally Diamond,https://books.google.com/books/content?id=y3TYzwEACAAJ&printsec=frontcover&img=1&zoom=1&source=gbs_api,Penguin Group,"**Selected for BBC 2 Between the Covers 2023**'Shocking, disturbing and utterly original - will grip you from first page to last' - Paula HawkinsSally Diamond cannot understand why what she did was so strange. She was only doing what her father told her to do, to put him out with the rubbish when he died.Now Sally is the centre of attention, not only f[Bokinfo].",Fiction
218,The Phantom of Manhattan,"Frederick Forsyth, Patrick O'Brian",4.04,0786222026,9780786222025,en,236,1599,31,127,239,559,643,2000,2000,The Phantom of Manhattan,https://books.google.com/books/content?id=C-UBwBXPsiAC&printsec=frontcover&img=1&zoom=1&source=gbs_api,HarperCollins,"A stunning sequel to Phantom of the Opera. It is 1906 and Erik, the creature with the hideous face but poetic heart, has escaped to America. He has heard that his beloved-now an international opera star-has a son, and is determined to learn the truth.",Fiction
219,The Skin Collector,Jeffery Deaver,2.19,1471297802,9781471297809,en,609,4456,1336,1114,891,668,447,2015,2015,The Skin Collector,https://books.google.com/books/content?id=OTP9jwEACAAJ&printsec=frontcover&img=1&zoom=1&source=gbs_api,Clipper Audio,"A tattoo artist is using poison instead of ink. And on a young woman's skin he's left a message: 'the second.' Drafted in to investigate, Lincoln Rhyme and Amelia Sachs find a single piece of evidence--a scrap of paper that connects this case with one they will never forget. And like the 'Bone Collector' before him, Rhyme and Sachs find themselves pitted against a perpetrator who plans his work to the last detail.",Forensic pathologists
220,Mercy,Julie Garwood,1.9,5068077336,8362573339578,en,430,8828,2648,2207,1765,1324,884,2001,2001,Mercy,https://books.google.com/books/content?id=NqtaAAAAMAAJ&printsec=frontcover&img=1&zoom=1&source=gbs_api,Beyond Words/Atria Books,Attorney Theo Buchanan must save the life of a gorgeous surgeon who once saved his.,Fiction
221,The Dead Zone,Stephen King,3.5,0670260770,9780670260775,en,392,8,0,0,2,3,3,1979,1979,The Dead Zone,https://books.google.com/books/content?id=01N88IPrDnYC&printsec=frontcover&img=1&zoom=1&source=gbs_api,Viking,A supernatural thriller that plunges the reader into the fate awaiting all mankind -- The Dead Zone. Copyright © Libri GmbH. All rights reserved.,Fiction
222,Nine Perfect Strangers,Liane Moriarty,1.3,1405919469,9781405919463,en,305,9199,2759,2299,1839,1379,923,2019,2019,Nine Perfect Strangers,https://books.google.com/books/content?id=ipBLuwEACAAJ&printsec=frontcover&img=1&zoom=1&source=gbs_api,Penguin,One luxury retreat in the middle of nowhere. Ten days in which no one can leave. Nine strangers seeking perfection. And each discovering the perfect lie...,Fiction
223,A Brief History of Seven Killings,Marlon James,2.14,1510010521,9781510010529,en,308,5688,1706,1422,1137,853,570,2015,2015,A Brief History of Seven Killings,https://books.google.com/books/content?id=ZMLkjwEACAAJ&printsec=frontcover&img=1&zoom=1&source=gbs_api,Clipper Audio,"On 3 December 1976, just weeks before Bob Marley was to play the Smile Jamaica Concert to ease political tensions, seven gunmen from West Kingston stormed his house. Marley survived and went on to perform at the free concert. Not a lot was recorded about the fate of the seven gunmen, but much has been said, whispered and sung about in the streets of West Kingston.",Assassins
224,Path of the Assassin,Brad Thor,3.0,0743436768,9780743436762,en,545,3,0,0,1,0,2,2003,2003,Path of the Assassin,https://books.google.com/books/content?id=aQUWFZWdg1IC&printsec=frontcover&img=1&zoom=1&edge=curl&source=gbs_api,Simon and Schuster,"With action-packed prose and dead-on authenticity, Thor and his indomitable hero Scot Harvath--from ""The Lions of Lucerne""--are back, raising the stakes and taking on an anonymous terrorist bent on stoking a global holy war of apocalyptic proportions.",Fiction
225,Immoral,Brian Freeman,4.0,0312340427,9780312340421,en,364,3,0,0,0,1,2,2005,2005,Immoral,https://books.google.com/books/content?id=-A7Yp3tF39oC&printsec=frontcover&img=1&zoom=1&source=gbs_api,Macmillan,"In a moral world, murder is the ultimate crime, a killer pays the ultimate price, and the victim remains buried. Unless everyone is immoral.",Fiction
226,Lost City,"Clive Cussler, Paul Kemprecos",2.77,0786266295,9780786266296,en,662,927,278,231,185,139,94,2004,2004,Lost City,https://books.google.com/books/content?id=kVsIeb1Asl4C&printsec=frontcover&img=1&zoom=1&source=gbs_api,Large Print Press,"When an enzyme capable of prolonging life is discovered deep beneath the North Atlantic, NUMA Special Assignments Team leader Kurt Austin and his colleague, Joe Zavala, investigate a killer who is targeting the enzyme's harvesters and researchers.",Fiction
227,The Apostle,Brad Thor,3.5,1416586571,9781416586579,en,371,2,0,0,0,0,2,2009,2009,The Apostle,https://books.google.com/books/content?id=o56mu1GaW2kC&printsec=frontcover&img=1&zoom=1&edge=curl&source=gbs_api,Simon and Schuster,"When a media titan's daughter is kidnapped in Afghanistan and offered in exchange for the freedom of a top Al Qaeda operative, Navy SEAL turned covert Homeland Security operative Scot Harvath undertakes a dangerous mission to free the terrorist from a Kabul prison only to discover that things are not what they seem.",Fiction
228,The Waste Lands,Stephen King,4.58,034082977X,9780340829776,en,584,3788,37,151,378,947,2275,2003,2003,The Waste Lands,https://books.google.com/books/content?id=Yi9CPgAACAAJ&printsec=frontcover&img=1&zoom=1&source=gbs_api,Hodder & Stoughton,"There are new evils, new dangers to threaten Roland's little band in the devastated city of Lud and the surrounding wastelands, as well as horrific confrontations with Blaine the Mono, the piratical Gasher, and the frightening Tick-Tock Man.",Adventure fiction
229,Bleed for Me,Michael Robotham,5.0,0751541095,9780751541090,en,306,1,0,0,0,0,1,2011,2011,Bleed for Me,https://books.google.com/books/content?id=-9PLQwAACAAJ&printsec=frontcover&img=1&zoom=1&source=gbs_api,Little Brown GBR,"Ray Hegarty, a highly respected former detective, lies dead in his daughter Sienna's bedroom. She is found covered in his blood. Everything points to her guilt, but psychologist Joe O'Loughlin isn't convinced. Fourteen-year-old Sienna is Joe's daughter's best friend - Joe has watched her grow up and seen the troubled look in her eyes. Against the advice of the police, he launches his own investigation, embarking upon a hunt that will lead him to a predatory schoolteacher; a conspiracy of silence and a race hate trial that is captivating the nation. With dark psychological twists and heart-stopping tension, Bleed For Me is a page-turner thriller and undoubtedly Robotham's best yet.",Clinical psychologists
230,Flowers in the Attic,V. C. Andrews,4.14,0671019449,9780671019440,en,353,5819,116,465,872,2036,2330,1997,1997,Flowers in the Attic,https://books.google.com/books/content?id=rL1nvgEACAAJ&printsec=frontcover&img=1&zoom=1&source=gbs_api,Penguin Random House,"Flowers in the Attic is the dark, terrifying tale of four innocent children who are locked away from the world by a selfish mother. Ties in to the film starring Louise Fletcher and Victoria Tenant that was released in October. Garden of Shadows, the exciting prequel, will be released this month.)",Abused children
231,Black Creek Crossing,John Saul,3.21,0786265183,9780786265183,en,664,1597,159,239,638,399,162,2004,2004,Black Creek Crossing,https://books.google.com/books/content?id=EvuSwV9Z0FYC&printsec=frontcover&img=1&zoom=1&source=gbs_api,Large Print Press,"A New York Times Bestselling AuthorThe dark history and dire secrets of a peaceful small town are summoned from the shadows of the past. Unholy forces are stirred from long slumber to monstrous new life. And two young misfits discover the chilling art of turning persecution into retribution. With these eerie ingredients, bestselling master John Saul once again works his unique brand of sinister magic to conjure an unforgettable tale of unspeakable terror.",Fiction
232,The Cobra Event,Richard Preston,1.46,7435708751,7904799759301,en,440,9286,2785,2321,1857,1392,931,1997,1997,The Cobra Event,https://books.google.com/books/content?id=KClbAAAAMAAJ&printsec=frontcover&img=1&zoom=1&source=gbs_api,Random House (NY),"The Cobra Eventis the story of a secret counter-terror operation. It is set in motion one spring morning in New York City when a seventeen-year-old student wakes up feeling vaguely ill. She seems to be coming down with a cold. Hours later she is having violent seizures, blood is pouring out of her nose, and she has begun a hideous process of self-cannibalization. Soon, other gruesome deaths of a similar nature have been discovered, and the Centers for Disease Control in Atlanta sends a forensic pathologist. an expert in epidemiology, to investigate. What she finds precipitates a federal crisis. The details of this story are fictional, but they are based on a scrupulously thorough inquiry into the history of biological weapons and their use by civilian and military terrorists. ""The creation of advanced biological weapons using methods of genetic engineering and biotechnology is sometimes known as 'black biology,'"" Richard Preston writes. The extent to which the products of black biol...",Fiction
233,An Echo in the Darkness,Francine Rivers,4.5,0842313079,9780842313070,en,482,20,0,0,2,5,13,2002,2002,An Echo in the Darkness,https://books.google.com/books/content?id=Irw7sl0ohTwC&printsec=frontcover&img=1&zoom=1&edge=curl&source=gbs_api,"Tyndale House Publishers, Inc.","This classic series has inspired nearly 2 million readers. Both loyal fans and new readers will want the latest edition of this beloved series. This edition includes a foreword from the publisher, a preface from Francine Rivers and discussion questions suitable for personal and group use. #2 An Echo in the Darkness: Turning away from the opulence of Rome, Marcus is led by a whispering voice from the past into a journey that could set him free from the darkness of his soul.",Fiction
235,We Are Not Ourselves,Matthew Thomas,2.83,147675666X,9781476756660,en,640,6096,1828,1524,1219,914,611,2014,2014,We Are Not Ourselves,https://books.google.com/books/content?id=MWdOBAAAQBAJ&printsec=frontcover&img=1&zoom=1&edge=curl&source=gbs_api,Simon and Schuster,"Destined to be a classic, this ""powerfully moving"" (Chad Harbach, The Art of Fielding), multigenerational debut novel of an Irish-American family is nothing short of a ""masterwork"" (Joshua Ferris, Then We Came to the End). Born in 1941, Eileen Tumulty is raised by her Irish immigrant parents in Woodside, Queens, in an apartment where the mood swings between heartbreak and hilarity, depending on whether guests are over and how much alcohol has been consumed. When Eileen meets Ed Leary, a scientist whose bearing is nothing like those of the men she grew up with, she thinks she's found the perfect partner to deliver her to the cosmopolitan world she longs to inhabit. They marry, and Eileen quickly discovers Ed doesn't aspire to the same, ever bigger, stakes in the American Dream. Eileen encourages her husband to want more: a better job, better friends, a better house, but as years pass it becomes clear that his growing reluctance is part of a deeper psychological shift. An inescapable ...",Fiction
236,"Solitary Envoy, The","T. Davis Bunn, Isabella Bunn",4.1,0764228579,9780764228575,en,320,5126,102,410,768,1794,2052,2004,2004,"Solitary Envoy, The",https://books.google.com/books/content?id=5IFzBQAAQBAJ&printsec=frontcover&img=1&zoom=1&edge=curl&source=gbs_api,Bethany House,The Song of Acadia series introduced the tragic banishment of the French from Nova Scotia in the mid-1700s and their determined survival as Acadians in Louisiana. Now this new series picks up some years later with the descendants of those brave early settlers of the New World.,Fiction
237,Ruth's Journey,Donald McCaig,3.3,1451643535,9781451643534,en,384,101,10,15,40,25,11,2014,2014,Ruth's Journey,https://books.google.com/books/content?id=u9O5BAAAQBAJ&printsec=frontcover&img=1&zoom=1&edge=curl&source=gbs_api,Simon and Schuster,"This prequel, inspired by Margaret Mitchell's ""Gone with the Wind,"" recounts the life of Mammy from her days as a slave girl to the outbreak of the Civil War.",Fiction
238,Psychopathology,John Ernest Nicole,4.85,0915809416,6713114027955,en,308,5268,52,210,526,1317,3163,1934,1934,Psychopathology,https://books.google.com/books/content?id=8FtWAAAAMAAJ&printsec=frontcover&img=1&zoom=1&source=gbs_api,Penguin Random House,This is a fictional description for the book 'Psychopathology' by John Ernest Nicole.,Historical
239,Allegiance,Cayla Kluver,5.0,0373210434,9780373210435,en,501,1,0,0,0,0,1,2012,2012,Allegiance,https://books.google.com/books/content?id=LKCdiQb_SxIC&printsec=frontcover&img=1&zoom=1&edge=curl&source=gbs_api,Harlequin,"Includes an excerpt from ""Sacrifice,"" the conclusion to the Legacy trilogy, and Q & A with the author.",Fiction
240,Something Red,Douglas Nicholas,3.02,1451660073,9781451660074,en,325,5652,565,847,2260,1413,567,2012,2012,Something Red,https://books.google.com/books/content?id=Xrz6AorNQMMC&printsec=frontcover&img=1&zoom=1&edge=curl&source=gbs_api,Simon and Schuster,"During the 13th century, in northwest England, in one of the coldest winters, a middle-aged Irishwoman and her little troupe are trying to drive their three wagons across the Pennines before a heavy snow. They soon find that something terrible prowls the woods.",Fiction
241,Miss Cameron's Fall from Grace,Helen Dickson,1.1,0373306407,9780373306404,en,280,4477,1343,1119,895,671,449,2012,2012,Miss Cameron's Fall from Grace,https://books.google.com/books/content?id=Fe7ghnAGq5IC&printsec=frontcover&img=1&zoom=1&edge=curl&source=gbs_api,Harlequin,"""In a seedy tavern in the backstreets of London, a case of mistaken identity leads respectable Miss Delphine Cameron to be unwittingly ravished by a devilish colonel: Lord Stephen Fitzwaring. Now she's had a taste of lovemaking and, against her better judgement, she craves it again. But the colonel has ruined her honor, and there is only one way they can avoid a scandal--Delphine must marry her dark-eyed seducer! Now Lady Delphine Fitzwaring must decide between a life of chastity ... or succumbing to her husband's irresistible temptation""--Page 4 of cover.",Historical
242,The Living is Easy,Dorothy West,4.95,1558611479,9781558611474,en,380,4893,48,195,489,1223,2938,1982,1982,The Living is Easy,https://books.google.com/books/content?id=fNbYvqPdoQ4C&printsec=frontcover&img=1&zoom=1&edge=curl&source=gbs_api,Feminist Press at CUNY,The captivating firts novel by Dorothy West--author of The Wedding.,Fiction
243,Sex and Sex Worship (phallic Worship),Otto Augustus Wall,3.49,2588996299,4688838375769,en,632,5273,527,790,2109,1318,529,1920,1920,Sex and Sex Worship (phallic Worship),https://books.google.com/books/content?id=sfMaAAAAYAAJ&printsec=frontcover&img=1&zoom=1&source=gbs_api,Oxford University Press,This is a fictional description for the book 'Sex and Sex Worship (phallic Worship)' by Otto Augustus Wall.,Historical
244,Common Disorders and Diseases of Childhood,George Frederic Still,1.18,6218520484,2699433020475,en,872,8957,2687,2239,1791,1343,897,1920,1920,Common Disorders and Diseases of Childhood,https://books.google.com/books/content?id=9BQ4AQAAMAAJ&printsec=frontcover&img=1&zoom=1&source=gbs_api,Oxford University Press,This is a fictional description for the book 'Common Disorders and Diseases of Childhood' by George Frederic Still.,Children
246,The Dark Room,Rachel Seiffert,1.95,009928717X,9780099287179,en,404,1935,580,483,387,290,195,2002,2002,The Dark Room,https://books.google.com/books/content?id=dKsGAXGc_RoC&printsec=frontcover&img=1&zoom=1&source=gbs_api,Arrow,"The Dark Room tells three stories: that of Helmut a young photographer in the 1930s; Lore a 12-year-old girl at the end of the war; and Micha, a young school teacher, half a century later. Between them, the reader traces the legacy of the Nazi period on the lives of ordinary Germans.",Fiction
247,The Gates of Rome,Conn Iggulden,4.5,0007136900,9780007136902,en,52,2,0,0,0,0,2,2003,2003,The Gates of Rome,https://books.google.com/books/content?id=UC-KBtwgBLsC&printsec=frontcover&img=1&zoom=1&source=gbs_api,HarperCollins UK,"This novel interweaves history and adventure to recreate the life of Julius Caesar. In the city of Rome, a titanic power struggle is about to shake the Republic to its core. Citizen will fight citizen in a bloody conflict and Julius Caesar will be in the thick of the action.",Fiction
248,Middlemarch,George Eliot,2.03,0451517504,9780451517500,en,836,8822,2646,2205,1764,1323,884,1964,1964,Middlemarch,https://books.google.com/books/content?id=ZOmWVU49_QwC&printsec=frontcover&img=1&zoom=1&source=gbs_api,Signet Classics,"One of the most accomplished and prominent novels of the Victorian era, ""Middlemarch"" is an unsurpassed portrait of nineteenth-century English provincial life. Dorothea Brooke is a young woman of fervent ideals who yearns to effect social change yet faces resistance from the society she inhabits. In this epic in a small landscape, Eliot's large cast of precisely delineated characters and the rich tapestry of their stories result in a wise, compassionate, and astute vision of human nature. As Virginia Woolf declared, George Eliot ""was one of the first English novelists to discover that men and women think as well as feel, and the discovery was of great artistic moment.""",Fiction
249,Bleak House,Charles Dickens,2.15,1912464330,9781912464333,en,753,2382,714,595,476,357,240,2019,2019,Bleak House,https://books.google.com/books/content?id=U3V2yAEACAAJ&printsec=frontcover&img=1&zoom=1&source=gbs_api,Baker Street Readers,"""It would have been far better if you had never been born."" Esther, at 14, has never known love. Determined to live well, earn some love, and overcome the shadow of her birth, she takes her first steps into an unknown world. A family curse, a manipulating lawyer, poverty, and secrets threaten to destroy Esther's world. Are the walls of Bleak House strong enough to protect her and her new friends from such powerful forces? The reader will be caught up in an unfolding mystery, full of surprises. Perhaps the biggest mystery of all is: Who is Nemo?","Literary Fiction, Thriller"
252,The Hidden Storyteller,Mandy Robotham,4.53,0008618488,9780008618483,en,422,1515,15,60,151,378,911,2024,2024,The Hidden Storyteller,https://books.google.com/books/content?id=J_fXzwEACAAJ&printsec=frontcover&img=1&zoom=1&source=gbs_api,Avon Books,"International bestselling author Mandy Robotham returns with a brand new tale set in war-torn Germany. The war is over. But there are still secrets to be found amidst the ashes . . . Hamburg, 1946. The war is over, and Germany in ruins. Posted to an Allied-run Hamburg, reporter Georgie Young returns to the country she fled seven years prior - at the onset of the conflict - to find it unrecognisable. Amidst the stark horrors of a bombed-out city crumbling under the weight of millions of displaced souls, she discovers pockets of warmth: a violinist playing amidst the wreckage, couples dancing in the streets, and a nation trying to make amends. Joining forces with local detective Harri Schroder to catch a killer targeting women on the city's streets, curiosity draws Georgie deep into the dark underbelly, and she soon discovers that darkest secrets of war did not die with Hitler... The next gripping and heartbreaking historical fiction novel from international bestseller, Mandy Robotham...",Fiction
253,A Dangerous Game,Mandy Robotham,3.83,0008744254,9780008744250,en,188,5442,272,544,1360,2176,1090,2024,2024,A Dangerous Game,https://books.google.com/books/content?id=jSPi0AEACAAJ&printsec=frontcover&img=1&zoom=1&source=gbs_api,Avon Books,"International bestselling author Mandy Robotham returns with a brand new tale set in 1950s London. London, 1952. Seven years after the chaotic aftermath of World War II, London has is coming alive again, with jazz clubs and flickering cinema awnings lighting up the night sky. But for widowed Helen 'Dexie' Dexter, she's still a woman in a man's world. She longs to prove herself as an officer in the London Metropolitan Police, yet she's stuck intervening in domestics and making tea for her male colleagues. Then Harri Schroder arrives, seconded from Hamburg to the Met. Haunted by the loss of his wife and child, Harri is unlike any man Dexie has ever known. Compassionate and sharp-witted, he sees her not as a threat, but as an intelligent, canny officer full of potential. And when Harri is tasked with hunting down a Nazi war criminal-turned-respected-businessman, with connections to the upper echelons of British society, it's Dexie he turns to for help. But as their bond deepens, a dead...",Fiction
254,The Porcelain Moon,Janie Chang,3.7,0063324393,9780063324398,en,444,6001,300,600,1500,2400,1201,2023,2023,The Porcelain Moon,https://books.google.com/books/content?id=q4V3zwEACAAJ&printsec=frontcover&img=1&zoom=1&source=gbs_api,William Morrow,"From the critically acclaimed author of The Library of Legends comes a vividly rendered novel set in WWI France about two young women--one Chinese, one French--whose lives intersect with unexpected, potentially dangerous consequences. ""East meets West in World War I France. In The Porcelain Moon, Janie Chang exhibits her signature trademarks--lyrical prose, deftly drawn characters, and skillful excavation of little-known history--to give us a rare jewel in a sea of wartime fiction!""-- Kate Quinn, New York Times bestselling author France, 1918. In the final days of the First World War, a young Chinese woman, Pauline Deng, runs away from her uncle's home in Paris to evade a marriage being arranged for her in Shanghai. To prevent the union, she needs the help of her cousin Theo, who is working as a translator for the Chinese Labour Corps in the French countryside. In the town of Noyelles-sur-Mer, Camille Roussel is planning her escape from an abusive marriage, and to end a love affair ...",Fiction
256,The Nightingale,Kristin Hannah,2.55,1447283074,9781447283072,en,110,4961,1488,1240,992,744,497,2015,2015,The Nightingale,https://books.google.com/books/content?id=3zv5rQEACAAJ&printsec=frontcover&img=1&zoom=1&source=gbs_api,Pan,"""From the #1 New York Times bestselling author comes Kristin Hannah's next novel. It is an epic love story and family drama set at the dawn of World War II. She is the author of twenty-one novels. Her previous novels include Home Front, Night Road, Firefly Lane, Fly Away, and Winter Garden""--",Anti-Nazi movement
257,Late Harvest,Fiona Buckley,3.59,0727894951,9780727894953,en,482,3568,178,356,892,1427,715,2017,2017,Late Harvest,https://books.google.com/books/content?id=Re8fvgAACAAJ&printsec=frontcover&img=1&zoom=1&source=gbs_api,Severn House Large Print,"This passionate West Country smuggling saga set in the early 19th-century is an intriguing departure for Tudor mystery writer Fiona Buckley. Exmoor, 1800. When farmer's daughter Peggy Shawe meets the charismatic Ralph Duggan, son of a so-called 'free trader', it's love at first sight. Determined to prevent the match, Peggy's widowed mother sends her daughter to live with the Duggans for six weeks, believing she will be put off marriage to Ralph when she discovers what life is like among a smuggling family. Matters take a dramatic turn however when Ralph's brother Philip is suspected of murder, and Ralph and Philip are despatched to distant relatives across the Atlantic. Heartbroken, Peggy vows to be reunited with her lover one day. But it will be several years before she and Ralph are destined to meet again - and in very different circumstances . . .",FICTION
258,The Warsaw Orphan,Kelly Rimmer,1.08,1525811533,9781525811531,en,416,66,19,16,13,9,9,2021,2021,The Warsaw Orphan,https://books.google.com/books/content?id=jlcCzgEACAAJ&printsec=frontcover&img=1&zoom=1&source=gbs_api,Graydon House Books,"""Kelly Rimmer's heart-stopping rendering of the war in Nazi-occupied Poland will captivate readers page by page.""--Lisa Wingate, #1 New York Times bestselling author of Before We Were Yours ""A surefire hit [and] a heartbreaking and hopeful story of family, duty, love, salvation, and resistance. The Warsaw Orphan [is] a thoughtful, beautiful novel."" -- Kristin Harmel, New York Times bestselling author of The Book of Lost Names Inspired by the real-life heroine who saved thousands of Jewish children during WWII, The Warsaw Orphan is Kelly Rimmer's most anticipated novel since her bestselling sensation, The Things We Cannot Say. In the spring of 1942, young Elzbieta Rabinek is aware of the swiftly growing discord just beyond the courtyard of her comfortable Warsaw home. She has no fondness for the Germans who patrol her streets and impose their curfews, but has never given much thought to what goes on behind the walls that contain her Jewish neighbors. She knows all too well about Germ...",Fiction
259,The Last Tiara,M. J. Rose,2.2,1952457173,9781952457173,en,304,1942,582,485,388,291,196,2021,2021,The Last Tiara,https://books.google.com/books/content?id=MXb1zQEACAAJ&printsec=frontcover&img=1&zoom=1&source=gbs_api,Blue Box Press,"From New York Times and Wall Street Journal bestseller M.J. Rose comes a provocative and moving story of a young female architect in post-World War II Manhattan, who stumbles upon a hidden treasure and begins a journey to discovering her mother's life during the fall of the Romanovs. Sophia Moon had always been reticent about her life in Russia and when she dies, suspiciously, on a wintry New York evening, Isobelle despairs that her mother's secrets have died with her. But while renovating the apartment they shared, Isobelle discovers something among her mother's effects-a stunning silver tiara, stripped of its jewels. Isobelle's research into the tiara's provenance draws her closer to her mother's past-including the story of what became of her father back in Russia, a man she has never known. The facts elude her until she meets a young jeweler, who wants to help her but is conflicted by his loyalty to the Midas Society, a covert international organization whose mission is to return...",Horror
260,The Duke's Princess Bride,Amalie Howard,1.57,1728243416,9781728243412,en,352,6837,2051,1709,1367,1025,685,2021,2021,The Duke's Princess Bride,https://books.google.com/books/content?id=7Ib2zQEACAAJ&printsec=frontcover&img=1&zoom=1&source=gbs_api,Sourcebooks Casablanca,"Born to an Indian maharaja and a British noblewoman, Princess Sarani Rao has it all: beauty, riches, and a crown. But when Sarani's father is murdered, her only hope is the next ship out--captained by the boy she once loved...and spurned. Captain Rhystan Huntley, the reluctant Duke of Embry, is loath to give up his life at sea. But duty is calling him home, and this is his final voyage. Leave it to fate that the one woman he's ever loved must escape to England on his ship. ""The Duke's Princess Bridecame along just when I needed it most. There's star-crossed, swoony, steamy love, true to the genre--but there's also a subtle, searing focus on racism, colorism, and what it means to belong that is rare for a historical romance, which elevates it to a unique and truly resonant read.""--JODI PICOULT, New York Timesbestselling author","Horror, Mystery"
261,The Last Garden in England,Julia Kelly,2.01,1432885545,9781432885540,en,794,4392,1317,1098,878,658,441,2021,2021,The Last Garden in England,https://books.google.com/books/content?id=BCMDzgEACAAJ&printsec=frontcover&img=1&zoom=1&source=gbs_api,Thorndike Press Large Print,"""From the author of The Light Over London and the ""gripping, moving"" (Kelly Rimmer) The Whispers of War comes a poignant and heartwrenching tale of five women in three eras, whose lives are tied together by one very special garden""--",Young Adult
262,The Paris Daughter,Kristin Harmel,2.13,180279364X,9781802793642,en,243,9499,2849,2374,1899,1424,953,2023,2023,The Paris Daughter,https://books.google.com/books/content?id=2p9WzwEACAAJ&printsec=frontcover&img=1&zoom=1&source=gbs_api,Mountain Leopard Press,"'An unmissable reading treat' Lancashire Evening Post 'Beautifully written and emotionally charged . . . impossible to put down' HAZEL GAYNOR A heartwrenching and evocative wartime novel, perfect for fans of Santa Montefiore, Rachel Hore and Lucinda Riley. Two mothers. Two daughters. Two families torn apart forever. Paris, 1939. Elise and Juliette are certain nothing can come between them. So, when war breaks out and Elise is forced to flee, she entrusts Juliette with her daughter, playmate to Juliette's own little girl. More than a year later, with the war finally ending, Elise returns to reunite with her daughter, only to find her friend's bookstore reduced to rubble - and Juliette nowhere to be found. What happened to Mathilde in those last terrible moments? Juliette has seemingly vanished without a trace, taking all the answers with her. Elise's desperate search leads her to New York - and to Juliette - one final, fateful time. The Paris Daughter is a story about mothers and dau...",Fiction
263,The Postmistress of Paris,Meg Waite Clayton,4.1,0062946986,9780062946980,en,400,7313,146,585,1096,2559,2927,2021,2021,The Postmistress of Paris,https://books.google.com/books/content?id=YponzgEACAAJ&printsec=frontcover&img=1&zoom=1&source=gbs_api,Harper,"The New York Times bestselling author of The Last Train to London revisits the dark early days of the German occupation in France in this haunting novel--a love story and a tale of high-stakes danger and incomparable courage--about a young American heiress who helps artists hunted by the Nazis escape from war-torn Europe. Wealthy, beautiful Naneé was born with a spirit of adventure that transcends her Midwestern roots. For her, learning to fly is freedom. When German tanks roll across the border and into Paris, this woman with an adorable dog and a generous heart joins the resistance. Known as the Postmistress because she delivers information to those in hiding, Naneé uses her charms and skill to house the hunted and deliver them to safety. Inspired by the real life Chicago heiress Mary Jayne Gold, who worked with American journalist Varian Fry to smuggle artists and intellectuals out of France, Meg Waite Clayton has fashioned a sweeping tale of romance and danger, set in a world af...",Horror
265,Sisters of the Resistance,Christine Wells,3.88,0063055449,9780063055445,en,416,3713,185,371,928,1485,744,2021,2021,Sisters of the Resistance,https://books.google.com/books/content?id=X6PizQEACAAJ&printsec=frontcover&img=1&zoom=1&source=gbs_api,William Morrow Paperbacks,"Set in the thick of the Paris Resistance movement during WWII, this exciting novel tells of the deep involvement of Catherine Dior and two young women who risked their lives to support her efforts--perfect for fans of Kate Quinn and Jennifer Chiaverini. France, 1944: The Nazis still occupy Paris, and twenty-five-year-old Gabby Foucher hates these enemies, though, as the concierge of ten rue Royale, she makes it a point to avoid trouble, unlike her sister Yvette. Until she, like her sister, is recruited into the Resistance by Catherine Dior--sister of the fashion designer, Christian Dior. Gabby and Yvette are both swept into the world of spies, fugitives, and Resistance workers, and it doesn't take long for the sisters to realize that their lives are in danger. Gabby discovers an elderly tenant is hiding a wounded British fugitive, and Yvette becomes a messenger for the Resistance. But as Gabby begins to fall in love with her patient and Yvette's impulsiveness lead her into intrigue ...",Mystery
266,The Lady of Abu Simbel,Christian Jacq,1.45,1740301153,9781740301152,en,434,7971,2391,1992,1594,1195,799,2000,2000,The Lady of Abu Simbel,https://books.google.com/books/content?id=FCylPwAACAAJ&printsec=frontcover&img=1&zoom=1&source=gbs_api,Oxford University Press,"Despite the tremendous shock of the Battle of Kadesh, Ramses has not managed to bring the formidable Hittite might to its knees. Rather than continue the struggle he decides to engage in negotiations. At the same time, he promise Nefertati that two temples will be built at Abu Simbel.",Egypt
267,The Resistance Girl,Mandy Robotham,2.01,0008516065,9780008516062,en,432,6115,1834,1528,1223,917,613,2022,2022,The Resistance Girl,https://books.google.com/books/content?id=JMWMzgEACAAJ&printsec=frontcover&img=1&zoom=1&source=gbs_api,Avon Books,"The next gripping and emotional World War II historical fiction read from international bestseller, Mandy Robotham.","Self-help, Science Fiction, Fantasy"
269,Abyssus Intellectualis,"Amanda Beech, Quentin Meillassoux, Reza Negarestani",1.22,3883963429,9783883963426,de,296,176,52,44,35,26,19,2013,2013,Abyssus Intellectualis,https://books.google.com/books/content?id=ATfZnAEACAAJ&printsec=frontcover&img=1&zoom=1&source=gbs_api,Cambridge University Press,"This is a fictional description for the book 'Abyssus Intellectualis' by Amanda Beech, Quentin Meillassoux, Reza Negarestani.",Biography
270,Orte des Schreckens,Norbert Borrmann,3.92,7917248897,6947188014635,de,296,45,2,4,11,18,10,2004,2004,Orte des Schreckens,https://books.google.com/books/content?id=LlK6AAAAIAAJ&printsec=frontcover&img=1&zoom=1&source=gbs_api,Wiley,This is a fictional description for the book 'Orte des Schreckens' by Norbert Borrmann.,Horror
271,Angst und Schreckangst im Neuenglischen,Barbara Glutz von Blotzheim-Maier,2.23,9630752502,4036690726579,de,88,8395,2518,2098,1679,1259,841,1985,1985,Angst und Schreckangst im Neuenglischen,https://books.google.com/books/content?id=f-1ZAAAAMAAJ&printsec=frontcover&img=1&zoom=1&source=gbs_api,Penguin Random House,This is a fictional description for the book 'Angst und Schreckangst im Neuenglischen' by Barbara Glutz von Blotzheim-Maier.,Anxiety (The English word)
272,Frankenstein,Mary Shelley,3.99,1561563099,9781561563098,en,196,6360,318,636,1590,2544,1272,1994,1994,Frankenstein,https://books.google.com/books/content?id=4dHXkNcpIXgC&printsec=frontcover&img=1&zoom=1&source=gbs_api,Kidsbooks LLC,A monster assembled by a scientist from parts of dead bodies develops a mind of his own as he learns to loathe himself and hate his creator.,Juvenile Fiction
273,Misery,Stephen King,5.0,7287703653,4311868839605,en,328,1,0,0,0,0,1,1987,1987,Misery,https://books.google.com/books/content?id=KbMhAQAAIAAJ&printsec=frontcover&img=1&zoom=1&source=gbs_api,Oxford University Press,Can a best-selling author escape from a psychotic nurse who wants him to respect her favorite literary character? Copyright © Libri GmbH. All rights reserved.,Fiction
274,Frankenstein,Mary Wollstonecraft Shelley,1.15,2013038804,7830475285017,en,230,5997,1799,1499,1199,899,601,1965,1965,Frankenstein,https://books.google.com/books/content?id=xFIN97PzxxYC&printsec=frontcover&img=1&zoom=1&source=gbs_api,Signet Classics,"This revision of a widely adopted critical edition presents the 1831 text of Mary Shelley7;s English Romantic novel along with critical essays that introduce students to ""Frankenstein"" from contemporary psychoanalytic, Marxist, feminist, gender, and cultural studies perspectives. An additional essay demonstrates how various critical perspectives can be combined. In the second edition, 3 of the 6 essays are new. The text and essays are complemented by contextual documents, introductions (with bibliographies), and a glossary of critical and theoretical terms.",Fiction
275,Four Past Midnight,Stephen King,4.74,2800529897,1123816587405,en,792,6243,62,249,624,1560,3748,1990,1990,Four Past Midnight,https://books.google.com/books/content?id=y6cOAQAAMAAJ&printsec=frontcover&img=1&zoom=1&source=gbs_api,HarperCollins,"Jet passengers are stuck in a time-slip, a psychopath accuses a writer of plagiarism, a man with an overdue book encounters a demonic librarian, and a boy's camera snaps photos of a huge and nasty dog in these four horror novellas. Repackaged. Reissue.",Fiction
276,The Green Mile,Stephen King,1.74,0752834223,9780752834221,en,453,9619,2885,2404,1923,1442,965,2000,2000,The Green Mile,https://books.google.com/books/content?id=1lJmPwAACAAJ&printsec=frontcover&img=1&zoom=1&source=gbs_api,Orion Publishing Group,"The Green Mile: those who walk it do not return, because at the end of that walk is the room in which sits Cold Mountain penitentiary's electric chair. In 1932 the newest resident on death row is John Coffey, a giant black man convicted of the brutal murder of two little girls. But nothing is as it seems with John Coffey, and around him unfolds a bizarre and horrifying story. Evil murderer or holy innocent - whichever he is - Coffey has strange powers which may yet offer salvation to others, even if they can do nothing to save him. THE AUTHOR","Coffey, John (Fictitious character)"
277,The Dream-quest of Unknown Kadath,Howard Phillips Lovecraft,5.0,0345302338,9780345302335,en,260,1,0,0,0,0,1,1982,1982,The Dream-quest of Unknown Kadath,https://books.google.com/books/content?id=7fhW6PDYklgC&printsec=frontcover&img=1&zoom=1&source=gbs_api,Del Rey,"Six bone-chilling tales of bizarre beauty and awesome horror lurk in the dark of the soul, waiting to be called upon by the demons of nightmares, and let loose in the frightened mind. Only H.P. Lovecraft could conjure up these testaments to evil that will live inside of you forever.... Copyright © Libri GmbH. All rights reserved.",Fiction
278,Dracula,Bram Stoker,3.59,0751370703,9780751370706,en,64,6487,324,648,1621,2594,1300,1997,1997,Dracula,https://books.google.com/books/content?id=aCtQPgAACAAJ&printsec=frontcover&img=1&zoom=1&source=gbs_api,Penguin Random House,"After discovering the double identity of the wealthy Transylvanian nobleman, Count Dracula, a small group of people vow to rid the world of the evil vampire. Illustrated notes throughout the text explain the historical background of the story.","Dracula, Count (Fictitious character)"
279,Hellsing,Kohta Hirano,5.0,1593070578,9781593070571,en,194,1,0,0,0,0,1,2004,2004,Hellsing,https://books.google.com/books/content?id=gHcEDAAAQBAJ&printsec=frontcover&img=1&zoom=1&edge=curl&source=gbs_api,Dark Horse Comics,An army of Nazi undead is unleased on the world.,Books for boys
280,The Phantom of the Opera,Gaston Leroux,2.21,8716941726,6629361045472,en,390,5814,1744,1453,1162,872,583,1977,1977,The Phantom of the Opera,https://books.google.com/books/content?id=cbFcAAAAMAAJ&printsec=frontcover&img=1&zoom=1&source=gbs_api,Scholastic,Under the Paris Opera House lives a disfigured musical genius who uses music to win the love of a beautiful opera singer.,Fiction
281,The Phantom of the Opera,Jennifer Bassett,2.97,0194229513,9780194229517,en,56,698,209,174,139,104,72,2000,2000,The Phantom of the Opera,https://books.google.com/books/content?id=9iUqngEACAAJ&printsec=frontcover&img=1&zoom=1&source=gbs_api,Oxford University,Pack of ten best-selling iBookworms/i and– ideal for building up class libraries. Each Pack contains one copy of each listed title. liThe Adventures of Tom Sawyer/libr / liThe Elephant Man/libr /liA Little Princess/libr / liLove or Money?/libr / liThe Monkey's Paw/libr / liThe Phantom of the Opera/libr / liThe President's Murderer/libr / liSherlock Holmes and the Duke's Son/libr / liWhite Death/libr / liThe Wizard of Oz/li,Foreign Language Study
282,Different Seasons,Stephen King,3.0,0751514624,9780751514629,en,560,2,0,0,0,0,2,1995,1995,Different Seasons,https://books.google.com/books/content?id=qXKAQgAACAAJ&printsec=frontcover&img=1&zoom=1&source=gbs_api,Sphere,A Stephen King novel telling of unfair imprisonment and escape.,Castle Rock (Me. : Imaginary place)
283,Frankenstein Or the Modern Prometheus,Mary Wollstonecraft Shelley,4.54,1907523154,9781907523151,en,174,306,3,12,30,76,185,2010,2010,Frankenstein Or the Modern Prometheus,https://books.google.com/books/content?id=RrfEbwAACAAJ&printsec=frontcover&img=1&zoom=1&source=gbs_api,Macmillan Publishers,"Mary Shelley's classic horror, Frankenstein, has been popular with readers since its first publication in 1818. Although the image of Frankenstein is an enduring motif in our society, the many film and stage adaptations fail to do justice to the novel's complex ethical and philosophical themes: nature versus nurture, good against evil and, (echoing modern concerns on the genetic manipulation of organisms) how far Humanity may justifiably meddle with any living creature.",Fiction
284,Horror Unmasked,Brad Weismann,3.27,0760376794,9780760376799,en,239,2475,247,371,990,618,249,2023,2023,Horror Unmasked,https://books.google.com/books/content?id=nx2yEAAAQBAJ&printsec=frontcover&img=1&zoom=1&edge=curl&source=gbs_api,Epic Ink,"From the silent-film era to the blockbusters of today, Horror Unmasked is a fun-filled, highly illustrated dive into the past influences and present popularity of the horror film genre. The horror film’s pop-culture importance is undeniable, from its early influences to today’s most significant and exciting developments in the genre. Since 1990, the production of horror films has risen exponentially worldwide, resulting in impressive ticket sales in the modern day, not to mention how the genre has expanded into books, fashion, music, and other media throughout the world. Horror has long been the most popular film genre, and more horror movies have been made than any other kind. We need them. We need to be scared, to test ourselves, laugh inappropriately, scream, and flinch. We need to get through them and come out, blinking, still in one piece. This comprehensive guide features: A thorough discussion on monster movies and B-movies (The Thing; It Came from Outer Space; The Blob) The ...",Performing Arts
285,The Castle of the Carpathians,Jules Verne,4.26,1935333038,9781935333036,en,240,8461,169,676,1269,2961,3386,2010,2010,The Castle of the Carpathians,https://books.google.com/books/content?id=TIjxzQEACAAJ&printsec=frontcover&img=1&zoom=1&source=gbs_api,Forest Tsar Press,This is a fictional description for the book 'The Castle of the Carpathians' by Jules Verne.,"Romance, Science Fiction, Non-fiction"
286,Monsters of Our Own Making,Marina Warner,4.99,5751635869,7276328057334,en,476,3032,30,121,303,758,1820,2007,2007,Monsters of Our Own Making,https://books.google.com/books/content?id=D-_WAAAAMAAJ&printsec=frontcover&img=1&zoom=1&source=gbs_api,HarperCollins,"In Monsters of Our Own Making, Marina Warner explores the dark realm where ogres devour children and bogeymen haunt the night. She considers the enduring presence and popularity of male figures of terror, establishing their origins in mythology and their current relation to ideas about sexuality and power, youth and age.",Psychology
288,Danse Macabre,Stephen King,2.57,0425081109,9780425081105,en,468,3792,1137,948,758,568,381,1985,1985,Danse Macabre,https://books.google.com/books/content?id=dVvUp21om9EC&printsec=frontcover&img=1&zoom=1&source=gbs_api,Berkley Books,"Information on the horror phenomenon including books, movies, radio, and T.V.",Art
289,Christine,Stephen King,3.5,0451160444,9780451160447,en,534,33,1,3,8,13,8,1983,1983,Christine,https://books.google.com/books/content?id=DdHRpPUi5LsC&printsec=frontcover&img=1&zoom=1&source=gbs_api,Berkley,"Arnie Cunningham, a bookish and bullied high school senior, becomes obsessed with a 1958 Plymouth named Christine, which he is restoring.",Fiction
290,Ring,Kōji Suzuki,3.55,1932234004,9781932234008,en,231,5436,271,543,1359,2174,1089,2003,2003,Ring,https://books.google.com/books/content?id=Cd60QAAACAAJ&printsec=frontcover&img=1&zoom=1&source=gbs_api,HarperCollins,"""Ring"" is not only a chillingly told horror story but also a shrewdly intelligent and subversive commentary on the power of imagery and contagious consumerism.",Detective and mystery stories
291,Bitten,Kelley Armstrong,3.31,6615093679,4248642431478,en,358,6694,669,1004,2677,1673,671,2001,2001,Bitten,https://books.google.com/books/content?id=8khaAAAAMAAJ&printsec=frontcover&img=1&zoom=1&source=gbs_api,Viking Adult,"""Young, beautiful, and successful, Elena Michaels seems to have it all. Her happy, organized life follows a predictable pattern: filing stories for her job as a journalist, working out at the gym, living with her architect boyfriend, and lunching with her girlfriends from the office. And once a week, in the dead of night, she streaks through a downtown ravine, naked and furred, tearing at the throats of her animal prey."" ""Elena Michaels is a werewolf."" ""The man who made her one has been left behind, but his dark legacy has not. And though Elena struggles to maintain the normal life she's worked so hard to create, she cannot resist the call of the elite pack of werewolves from her past. Her feral instincts will lead her back to them and into a desperate war for survival that will test her own understanding of who, and what, she is.""--BOOK JACKET.Title Summary field provided by Blackwell North America, Inc. All Rights Reserved",Fiction
292,Mr Mercedes,Stephen King,3.74,1444788620,9781444788624,en,397,5552,277,555,1388,2220,1112,2014,2014,Mr Mercedes,https://books.google.com/books/content?id=FXxtvgEACAAJ&printsec=frontcover&img=1&zoom=1&source=gbs_api,Scholastic,"A cat-and-mouse suspense thriller featuring a retired homicide detective who's haunted by the few cases he left open, and by one in particular - the pre-dawn slaughter of eight people among hundreds gathered in line for the opening of a jobs fair when the economy was guttering out. Without warning, a lone driver ploughed through the crowd in a stolen Mercedes. The plot is kicked into gear when Bill Hodges receives a letter in the mail, from a man claiming to be the perpetrator. He taunts Hodges with the notion that he will strike again. Hodges wakes up from his depressed and vacant retirement, hell-bent on preventing that from happening. Brady Hartsfield lives with his alcoholic mother in the house where he was born. And he's preparing to kill again. Only Hodges, with a couple of misfit friends, can apprehend the killer in this high-stakes race against time. Because Brady's next mission, if it succeeds, will kill or maim hundreds, even thousands.",Horror
294,The Faceless Ones,Derek Landy,4.97,0007302169,9780007302161,en,404,3997,39,159,399,999,2401,2009,2009,The Faceless Ones,https://books.google.com/books/content?id=AlEpTA07FZkC&printsec=frontcover&img=1&zoom=1&source=gbs_api,HarperCollins UK,"Fourteen-year-old Valkyrie and the skeleton mage, Skulduggery Pleasant, try to foil a plot set in motion fifty years before to find and open the gate that will allow the Faceless Ones to return to this reality.",Juvenile Fiction
295,Dark Hollow,John Connolly,1.67,0743203321,9780743203326,en,456,6031,1809,1507,1206,904,605,2001,2001,Dark Hollow,https://books.google.com/books/content?id=3UC_SHM4ji0C&printsec=frontcover&img=1&zoom=1&source=gbs_api,Macmillan Publishers,Featuring Angel and Louis from Every dead thing.,Fiction
296,The Long Walk,"Richard Bachman, Stephen King",4.0,5032630635,8605848650097,en,388,10,0,0,1,3,6,1999,1999,The Long Walk,https://books.google.com/books/content?id=WXTWAAAAMAAJ&printsec=frontcover&img=1&zoom=1&source=gbs_api,Berkley,The dystopian classic written by Stephen King under his penname Richard Bachman,Contests
297,The Mask of Cthulhu,August Derleth,4.91,6395378595,6024656103376,en,220,3071,30,122,307,767,1845,1958,1958,The Mask of Cthulhu,https://books.google.com/books/content?id=Z9Ma3cq3BL0C&printsec=frontcover&img=1&zoom=1&source=gbs_api,Simon & Schuster,"Five novellas and the short story, ""Some thing in wood"", tales of horror and terror, which continue the narrative of the Mythos, a creation of H. P. Lovecraft.",Fiction
298,Rosemary's Baby,Ira Levin,4.31,0451174658,9780451174659,en,204,8284,165,662,1242,2899,3316,1992,1992,Rosemary's Baby,https://books.google.com/books/content?id=OGo9PgAACAAJ&printsec=frontcover&img=1&zoom=1&source=gbs_api,Simon & Schuster,"The classic novel of spellbinding suspense only the mind of Ira Levin could have imagined. She is a housewife -- young, healthy, blissfully happy. He is an actor -- charismatic and ambitious. The spacious, sun-filled apartment on Manhattan's Upper West Side is their dream home -- a dream that turns into an unspeakable nightmare... Enter the chilling world of Ira Levin -- where terror is as near as your new neighbors and where evil wears the most innocent face of all....",Horror
299,Recipes from the World of H. P. Lovecraft,Olivia Luna Eldritch,1.61,1667202324,9781667202327,en,160,2428,728,607,485,364,244,2023,2023,Recipes from the World of H. P. Lovecraft,https://books.google.com/books/content?id=LsPHEAAAQBAJ&printsec=frontcover&img=1&zoom=1&edge=curl&source=gbs_api,Simon and Schuster,"Your guests will be delighted to the point of madness when you serve these Lovecraft-inspired dishes! Whether you’re looking to prepare a casual meal for friends or host a lavish horror-themed party, you’ll find the recipes you need in Recipes from the World of H. P. Lovecraft. With simple breakfast dishes to kickstart your adventures, refreshing light meals to keep you on the run from otherworldly deities, and main dishes for when you’ve made it home safe, more than 80 bone-chillingly delicious recipes will draw you into the mysterious world of the Cthulhu Mythos, where the Great Old Ones are waiting for the right moment to rise from the depths and gather for a feast!",Cooking
300,The Keep,F. Paul Wilson,4.5,0812579259,9780812579253,en,420,3,0,0,0,0,3,2000,2000,The Keep,https://books.google.com/books/content?id=dSvnj7Y46hwC&printsec=frontcover&img=1&zoom=1&source=gbs_api,Macmillan,"While investigating the mysterious mutilations and killings of Nazi soldiers at a garrison in Romania, an elite SS extermination squad finds a terrifying evil at work and summons a folklore expert to help--a man who happens to be Jewish. Reissue.",Fiction
301,Dr. Jekyll and Mr. Hyde & Other Stories,Robert Louis Stevenson,3.59,1665963085,9781665963084,en,192,9700,485,970,2425,3880,1940,2024,2024,Dr. Jekyll and Mr. Hyde & Other Stories,https://books.google.com/books/content?id=9JIZEQAAQBAJ&printsec=frontcover&img=1&zoom=1&edge=curl&source=gbs_api,Simon and Schuster,"This spine-tingling volume collects some of Robert Louis Stevenson’s stories first published in the late 19th century for a new generation of young readers—featuring a freshly reimagined cover! Dr. Henry Jekyll is a respectable man, sociable and well-liked, so his friends Mr. Utterson and Mr. Enfield are concerned when Dr. Jekyll appears linked to Edward Hyde. Mr. Hyde’s outbursts of violence have their small community on edge; he may be small in stature, but no one can deny he’s terribly dangerous, self-indulgent, and even evil. As Dr. Jekyll’s behavior grows more erratic and Mr. Utterson circles in ever closer to the elusive Mr. Hyde, the shocking truth of the relationship between the good doctor and the unholy terror comes to light—a chain of events set off by a repressed man giving himself over wholly to the worst of his vices and shame. Also included are “The Body Snatcher,” a story about medical students haunted by what they’ve done to obtain cadavers, and “The Bottle Imp,” a ...",Juvenile Nonfiction
302,Night of the Living Dummy II,R. L. Stine,3.0,0439573742,9780439573740,en,148,3,0,0,1,0,2,1995,1995,Night of the Living Dummy II,https://books.google.com/books/content?id=_Jpv0u5mgM0C&printsec=frontcover&img=1&zoom=1&source=gbs_api,Scholastic Incorporated,"When Amy's ventriloquist dummy, Dennis, is broken, her father buys her Slappy, unaware that the dummy is possessed by an evil presence.",Amusement parks
303,Horror,Darryl Jones,4.34,0198755562,9780198755562,en,169,1093,21,87,163,382,440,2021,2021,Horror,https://books.google.com/books/content?id=xUwwEAAAQBAJ&printsec=frontcover&img=1&zoom=1&edge=curl&source=gbs_api,Oxford University Press,"Fear is one of the most primal emotions, and one of the hardest to reason with and dispel. So why do we scare ourselves? Delving into the darkest corners of horror literature, films, and plays, Darryl Jones explores its monsters and its psychological chills, discussing why horror stories disturb us, and how they reflect society's taboos.",Fiction
304,Ghost Stories (Nancy Drew ),Carolyn Keene,5.0,0671691325,9780671691325,en,166,7,0,0,0,1,6,1989,1989,Ghost Stories (Nancy Drew ),https://books.google.com/books/content?id=oAmUFf_d62EC&printsec=frontcover&img=1&zoom=1&edge=curl&source=gbs_api,Simon and Schuster,A collection of six ghost stories.,Juvenile Fiction
305,Religion of Fear,Jason Bivins,4.06,2197060558,5978778112736,en,344,7806,156,624,1170,2732,3124,2008,2008,Religion of Fear,https://books.google.com/books/content?id=hLPYAAAAMAAJ&printsec=frontcover&img=1&zoom=1&source=gbs_api,Macmillan Publishers,"Conservative evangelicalism has transformed American politics, working not just through conventional channels, but through subcultures and alternate modes of communication. This text is a significant introduction to our understanding of the new shapes of political religion, and of American evangelicalism.",Political Science
306,Fantastic Mr. Fox,Roald Dahl,4.0,0141301139,9780141301136,en,98,35,0,2,5,12,16,1998,1998,Fantastic Mr. Fox,https://books.google.com/books/content?id=inZhHuo89T8C&printsec=frontcover&img=1&zoom=1&source=gbs_api,Puffin,The adventures of Mr. Fox and three mean farmers who want to destroy the fox and his family.,Juvenile Fiction
307,Emil and the Detectives,"Cyrus Harry Brooks, Erich Kästner",2.48,5674943883,248948258266,en,230,9271,2781,2317,1854,1390,929,1933,1933,Emil and the Detectives,https://books.google.com/books/content?id=oLkNAQAAIAAJ&printsec=frontcover&img=1&zoom=1&source=gbs_api,Cambridge University Press,"On his way to Berlin to visit his grandmother Emil fell asleep and had his money stolen by the man who shared his compartment. Although he came from the country Emil was not stupid, and he determined to get that money back. He followed the man, met the boy with the auto horn, who summoned his friends, and among them all they caught a very clever thief.",Adventure
308,Treasure Island,Robert Louis Stevenson,5.0,1904633447,9781904633440,en,276,1,0,0,0,0,1,2004,2004,Treasure Island,https://books.google.com/books/content?id=Oi9vfDvIuBUC&printsec=frontcover&img=1&zoom=1&edge=curl&source=gbs_api,Collector's Library,"While going through the possessions of a deceased guest who owed them money, the mistress of the inn and her son find a treasure map that leads them to a pirate's fortune.",Fiction
309,Robinson Crusoe,"Daniel Defoe, Anthony Masters",4.14,1590550927,9781590550922,en,100,9530,190,762,1429,3335,3814,2014,2014,Robinson Crusoe,https://books.google.com/books/content?id=tMbCQ7CM9wAC&printsec=frontcover&img=1&zoom=1&source=gbs_api,High-Fliers,"Following a terrible storm, Crusoe finds himself stranded alone on a desert island off the coast of South America, all of his companions from his ship dead. Over the next 27 years, he builds a life for himself on the island, but is terribly lonely until he saves a Native American, who Crusoe calls Friday, from certain death at the hands of cannibal captors. The two men become friends, and eventually work together to save an English ship whose crew has mutinied. When Crusoe and Friday thwart the mutineers, the captain of the ship takes Crusoe home to England, with Friday as a loyal companion. Text Type: Classic FictionTheme/Topic: Human History, Connections with Native People",Fiction
310,The Adventures of Tom Sawyer,Mark Twain,1.33,0447426104,8866621423348,en,230,2230,669,557,446,334,224,1965,1965,The Adventures of Tom Sawyer,https://books.google.com/books/content?id=0S_uAAAAMAAJ&printsec=frontcover&img=1&zoom=1&source=gbs_api,HarperCollins,"""It's a lazy Mississippi River town, a place where a boy can learn magical cures for warts, turn a fence-painting job into a leisurely con game, get lost in a cave, escape to an island, or attend his own funeral. It's a time when hooky is punished with a simple swatting and pockets bulge with firecrackers and dead rats; a time when graves are dug up, and boys are fearful of murderous Injuns, when treasures are found, and hearts are won; a time when a prank can lead to a hero's world. It's a fantasy world, this world of Tom Sawyer--a tribute to boyhood, a chance to dream of idle days or skip off on high adventure. It's a warm and scary and funny and unforgettable experience""--Page 4 of cover.",Adventure
311,Harry Potter and the Chamber of Secrets,J. K. Rowling,1.48,0747538492,9780747538493,en,251,5898,1769,1474,1179,884,592,1998,1998,Harry Potter and the Chamber of Secrets,https://books.google.com/books/content?id=bUMUvgAACAAJ&printsec=frontcover&img=1&zoom=1&source=gbs_api,Bloomsbury Press,"Sequel to Harry Potter and the sorcerer's stone. When the chamber of secrets is opened again at the Hogswart School for witchcraft and wizardry, second-year student Harry Potter finds himself in danger from a dark power that has once more been released on the school.",Adventure
312,The Boy in the Striped Pyjamas,John Boyne,4.5,0198326769,9780198326762,en,229,4,0,0,0,1,3,2007,2007,The Boy in the Striped Pyjamas,https://books.google.com/books/content?id=6cakAAAACAAJ&printsec=frontcover&img=1&zoom=1&source=gbs_api,"Oxford University Press, USA","Berlin 1942. When Bruno returns home from school one day, he discovers that his belongings are being packed in crates. His father has received a promotion and the family must move from their home to a new house far far away, where there is no one to play with and nothing to do. A tall fence running alongside stretches as far as the eye can see and cuts him off from the strange people he can see in the distance. But Bruno longs to be an explorer and decides that there must be more to this desolate new place than meets the eye. While exploring his new environment, he meets another boy whose life and circumstances are very different to his own, and their meeting results in a friendship that has devastating consequences.",Foreign Language Study
313,The Ironwood Tree,"Tony DiTerlizzi, Holly Black",4.5,0689859392,9780689859397,en,140,6,0,0,0,1,5,2004,2004,The Ironwood Tree,https://books.google.com/books/content?id=dhtB6wh57roC&printsec=frontcover&img=1&zoom=1&edge=curl&source=gbs_api,Simon and Schuster,OLS-N conf. May/04.,Juvenile Fiction
314,Swiss Family Robinson,Johann David Wyss,1.63,1854712128,9781854712127,en,192,5480,1644,1370,1096,822,548,1994,1994,Swiss Family Robinson,https://books.google.com/books/content?id=2v8uAAAACAAJ&printsec=frontcover&img=1&zoom=1&source=gbs_api,Godfrey Cave Associates,This is a fictional description for the book 'Swiss Family Robinson' by Johann David Wyss.,Adventure
316,White Fang,Jack London,4.0,0247923232,2932412224716,en,346,8,0,0,1,2,5,1906,1906,White Fang,https://books.google.com/books/content?id=px0ZAAAAYAAJ&printsec=frontcover&img=1&zoom=1&edge=curl&source=gbs_api,New York ; London : Macmillan Company,This is a fictional description for the book 'White Fang' by Jack London.,Adventure
317,White Fang and The Call of the Wild,Jack London,2.1,0765198797,9780765198792,en,320,529,158,132,105,79,55,1996,1996,White Fang and The Call of the Wild,https://books.google.com/books/content?id=VILtWzdXT7YC&printsec=frontcover&img=1&zoom=1&source=gbs_api,Smithmark Publishers,This is a fictional description for the book 'White Fang and The Call of the Wild' by Jack London.,Fiction
318,Hans Brinker,Robert Taylor,3.17,0816712050,9780816712052,en,52,3391,339,508,1356,847,341,1988,1988,Hans Brinker,https://books.google.com/books/content?id=6-TuU0Xr5YMC&printsec=frontcover&img=1&zoom=1&source=gbs_api,Wiley,"A Dutch boy and girl work toward two goals, finding the doctor who can restore their father's memory and winning the competition for the silver skates.",Juvenile Fiction
319,The Magician's Nephew,Clive Staples Lewis,3.6,000720227X,9780007202270,en,274,9718,485,971,2429,3887,1946,2005,2005,The Magician's Nephew,https://books.google.com/books/content?id=CYaox8YG3RQC&printsec=frontcover&img=1&zoom=1&source=gbs_api,HarperCollins UK,"This edition of Lewis's classic fantasy fiction is packaged specifically for adults. Complementing the look of the author's non-fiction books, and anticipating the forthcoming Narnia feature films, this edition contains an exclusive P.S. section about the history of the book, plus a sample chapter from its sequel.",Fiction
321,Coram Boy,Jamila Gavin,4.0,2174760311,1365036923282,en,340,1,0,0,0,0,1,2000,2000,Coram Boy,https://books.google.com/books/content?id=XyRQAAAAYAAJ&printsec=frontcover&img=1&zoom=1&source=gbs_api,Oxford University Press,"Set in the eighteenth century, Coram Boy is a tale of two cities and a tale of two boys: Toby, saved from an African slave ship, and Aaron, the illegitimate heir to a great estate. It's also a tale of fathers and sons: slave-trader, Otis, and his son Meshak; and landowner Sir William Ashbrook and the son he disinherits.",Juvenile Fiction
322,The Long Patrol,Brian Jacques,1.77,0099638819,9780099638810,en,372,7064,2119,1766,1412,1059,708,1998,1998,The Long Patrol,https://books.google.com/books/content?id=dpKnkf5pILAC&printsec=frontcover&img=1&zoom=1&source=gbs_api,Wiley,"Tenth Thrilling Redwall Adventure - New In Paperback! Damug Warfang, Head Of A Thousand Rapscallions - The Deadliest Horde Of Foebeasts Ever To Jump From Ship To Shore - Is Looking For Slaughter And Plunder. Can Any Beast Stand Against The Conqueror And His Savage Troops? Tammo'S Dream Comes True When He Is Given The Chance To Run With The Long Patrol, The Legendary Fighting Hares Of Salamandastron. . .",Juvenile Fiction
323,The Bourne Identity,Robert Ludlum,2.35,1409117693,9781409117698,en,135,7934,2380,1983,1586,1190,795,2010,2010,The Bourne Identity,https://books.google.com/books/content?id=q9lfPwAACAAJ&printsec=frontcover&img=1&zoom=1&source=gbs_api,Orion Publishing,"The harrowing story of a man with no memory--Jason Bourne--an assassin hunted by unseen armies for reasons he doesn't remember. A shooting victim, suffering from amnesia, finds himself with a Swiss bank account in the name of Jason Bourne, a professional assassin being manipulated by a top-secret American government organization to kill his arch rival, the dreaded Carlos.",Adventure
324,Tintin in America,Hergé,2.31,1405208023,9781405208024,en,581,474,142,118,94,71,49,2003,2003,Tintin in America,https://books.google.com/books/content?id=M6MSAAAACAAJ&printsec=frontcover&img=1&zoom=1&source=gbs_api,Egmont Books Limited,The boy hero comes to the United States and triumphs over gangsters in Chicago of the 1930's and the pitfalls of the wild West.,Adventure
325,The Adventure Collection,Willard Price,2.28,0099265923,9780099265924,en,422,619,185,154,123,92,65,1998,1998,The Adventure Collection,https://books.google.com/books/content?id=i7c9AAAACAAJ&printsec=frontcover&img=1&zoom=1&source=gbs_api,HarperCollins,"It's wild! It's dangerous! And it's out there! Exploration and adventure is the name of the game for the Hunt family. Join Hal, Roger and their zoologist dad on their action-packed animal-tracking expeditions... Children both young and old will thrill at this collection of Willard Price adventure stories: never again a dull moment!","Adventure stories, English"
326,The Sum of All Fears,Tom Clancy,2.48,1560549475,9781560549475,en,1290,9511,2853,2377,1902,1426,953,1991,1991,The Sum of All Fears,https://books.google.com/books/content?id=nDi8NxY_oT8C&printsec=frontcover&img=1&zoom=1&source=gbs_api,Wiley,"CIA Deputy Director Jack Ryan returns to the screen in Paramount Pictures' film adaptation of this novel of intrigue, set for release in May and starring Ben Affleck as Ryan. The Gulf War is over and an Israeli nuclear weapon is missing. The balance of power in the Mideast--and the world--is about to change forever. Jack Ryan returns to face the challenge of his career when his proposal for a Middle Eastern peace plan erupts into chaos. Copyright © Libri GmbH. All rights reserved.",Fiction
328,Percy Jackson and the Greek Gods,Rick Riordan,1.93,0141358688,9780141358680,en,525,5114,1534,1278,1022,767,513,2015,2015,Percy Jackson and the Greek Gods,https://books.google.com/books/content?id=eBTaoQEACAAJ&printsec=frontcover&img=1&zoom=1&source=gbs_api,Puffin,"A publisher in New York asked me to write down what I know about the Greek gods, and I was like, Can we do this anonymously? Because I don't need the Olympians mad at me again. But if it helps you to know your Greek gods, and survive an encounter with them if they ever show up in your face, then I guess writing all this down will be my good deed for the week. So begins Percy Jackson's Greek Gods, in which the son of Poseidon adds his own magic--and sarcastic asides--to the classics. He explains how the world was created, then gives readers his personal take on a who's who of ancients, from Apollo to Zeus. Percy does not hold back. ""If you like horror shows, blood baths, lying, stealing, backstabbing, and cannibalism, then read on, because it definitely was a Golden Age for all that."" This novel-sized paperback, complete with an insert of full-color illustrations by Caldecott Honoree John Rocco, is portable and friendly, and the ideal way to introduce young readers to the classic sto...",Children's stories
329,The Dark is Rising,Susan Cooper,4.98,0140307990,9780140307993,en,218,2290,22,91,229,572,1376,1976,1976,The Dark is Rising,https://books.google.com/books/content?id=gaeHmgEACAAJ&printsec=frontcover&img=1&zoom=1&source=gbs_api,Puffin Bks,"""A Margaret K. McElderry book."".",Adventure
330,The Amber Spyglass,Philip Pullman,4.0,0439954630,9780439954631,en,264,7,0,0,1,2,4,2005,2005,The Amber Spyglass,https://books.google.com/books/content?id=o9GHAAAACAAJ&printsec=frontcover&img=1&zoom=1&source=gbs_api,Scholastic Press,"Together, Will and Lyra approach the most dangerous stage of their epic journey, as the worlds prepare for the greatest war that has ever been known.",Adventure
331,Elephant Adventure,Willard Price,2.28,1849417466,9781849417464,en,276,3564,1069,891,712,534,358,2012,2012,Elephant Adventure,https://books.google.com/books/content?id=gSk-2BS0r6AC&printsec=frontcover&img=1&zoom=1&source=gbs_api,Random House,Hal and Roger are at the Mountains of the Moon seeking a rare white elephant. With their customary skill and bravery they capture the animal but are in turn kidnapped by Arabs who want them as slaves.,Adventure
332,Adventures in Borneo,Mrs. Gore (Catherine Grace Frances),1.8,7451226705,3806324792131,en,300,5367,1610,1341,1073,805,538,1849,1849,Adventures in Borneo,https://books.google.com/books/content?id=wb4SAAAAYAAJ&printsec=frontcover&img=1&zoom=1&edge=curl&source=gbs_api,Wiley,This is a fictional description for the book 'Adventures in Borneo' by Mrs. Gore (Catherine Grace Frances).,Adventure
333,Klassische Texte zum Raum,Ulf Heuner,2.98,3938880058,9783938880050,de,148,3665,1099,916,733,549,368,2006,2006,Klassische Texte zum Raum,https://books.google.com/books/content?id=CxCjSwAACAAJ&printsec=frontcover&img=1&zoom=1&source=gbs_api,Hachette Book Group,"Anhand der Bände dieser Reihe soll sich der Leser einen Überblick über die historische Diskussion und Entwicklung von Themen und Begriffen verschaffen, die in den philosophischen und kulturwissenschaftlichen Debatten unserer Zeit von großer Aktualität sind. Die einzelnen Bände werden von den Herausgebern eingeleitet und mit einer Bibliographie versehen. Dieser Band enthält Texte zur Theorie des Raumes von der griechischen Antike bis zum Anfang des 20. Jahrhunderts. Die ausgewählten Autoren widmen sich in der Regel mehreren Aspekten des Raumes zugleich. Ganz alltägliche Raumerfahrungen wie unsere Orientierung nach oben und unten, links und rechts nehmen Denker wie Aristoteles, Descartes, Pascal, Kant oder Mach zum Ausgangspunkt ihrer Überlegungen. Die Lektüre der Texte wird daher erweisen, dass der Raum ein philosophisches Thema ist, bei dem jeder gleich auf Augenhöhe mit den Philosophen denken kann. Nicht zuletzt deshalb, weil es der Raum (neben der Zeit) ist, der jeden Menschen mit...",Raum - Philosophie - Geschichte - Quelle
334,The Three Musketeers,Alexandre Dumas,4.5,1853260401,9781853260407,en,596,4,0,0,0,1,3,1993,1993,The Three Musketeers,https://books.google.com/books/content?id=vp--U7m0g-AC&printsec=frontcover&img=1&zoom=1&edge=curl&source=gbs_api,Wordsworth Editions,"CLASSIC FICTION (PRE C 1945). A historical romance, this novel tells of the adventures of the hot-headed young Gascon, d'Artagnan and his three companions Athos, Porthos and Aramis as they gallantly defend the Queen of France, using their wit and their swords.",Fiction
336,... Odysseae libros ... continens,Homer,3.51,0198145314,9780198145318,la,252,3760,188,376,940,1504,752,1912,1912,... Odysseae libros ... continens,https://books.google.com/books/content?id=W734o-AW5DkC&printsec=frontcover&img=1&zoom=1&edge=curl&source=gbs_api,Clarendon Press,"The Oxford Classical Texts, or Scriptorum Classicorum Bibliotheca Oxoniensis, are renowned for their reliability and presentation. The series consists of a text without commentary but with a brief apparatus criticus at the foot of each page.",Literary Collections
338,Jane Eyre (French Edition),Charlotte Brontë,3.61,1519133049,9781519133045,fr,474,1540,77,154,385,616,308,2015,2015,Jane Eyre (French Edition),https://books.google.com/books/content?id=_DUKjwEACAAJ&printsec=frontcover&img=1&zoom=1&source=gbs_api,Cambridge University Press,"EDITION INTEGRALE EXCEPTIONNELLE Plongez dans la lecture d'un des plus grands chefs-d'oeuvre de la litt�rature dans une tr�s belle �dition broch�e. Charlotte Bront� (1816-1855) �tait une romanci�re et po�te Anglaise. Jane Eyre �tait son premier roman publi�, diffus� en France en 1854 sous le titre ""Jane Eyre ou M�moires d'une gouvernante"", avec le nom de plume �Currer Bell�. Son succ�s est imm�diat. Charlotte Bront� est consid�r�e comme l'un des �crivains les plus accomplis de la langue Anglaise. Orpheline d�s son plus jeune �ge, Jane Eyre vit une enfance malheureuse et presque sans amour. � dix-huit ans elle devient institutrice au ch�teau de Thornfield. Tomb�e amoureuse de son riche propri�taire, Edward Rochester, son int�grit� morale l'emp�che de devenir sa ma�tresse et elle ne reviendra vers lui que lorsque son �pouse d�c�de. L'histoire de Jane Eyre transcende le m�lodrame et d�peint la qu�te passionn�e d'une vie plus grande et plus ais�e que ce que la soci�t� Victorienne permet...",Literary Fiction
339,Hard Times,Charles Dickens,4.97,0199536279,9780199536276,en,338,231,2,9,23,57,140,2008,2008,Hard Times,https://books.google.com/books/content?id=dtgVDAAAQBAJ&printsec=frontcover&img=1&zoom=1&edge=curl&source=gbs_api,Oxford University Press,Hard Times--Dickens's shortest novel and one of his triumphs--tells the tragic story of Louisa Gradgrind and her father and has had lasting appeal to generations of readers. Paul Schlicke is lecturer in English at the University of Aberdeen.,Fiction
341,Journey To The Centre of The Earth,Jules Verne,1.18,2833248584,1425777626246,en,244,1736,520,434,347,260,175,2023,2023,Journey To The Centre of The Earth,https://books.google.com/books/content?id=vzYGDgAAQBAJ&printsec=frontcover&img=1&zoom=1&edge=curl&source=gbs_api,Prabhat Prakashan,"Three adventurers descend to the center of the Earth, where they make astounding discoveries.",Fiction
342,Lord Edgware Dies,Agatha Christie,4.48,042509961X,9780425099612,en,260,6459,129,516,968,2260,2586,1984,1984,Lord Edgware Dies,https://books.google.com/books/content?id=AzSPirLE9l4C&printsec=frontcover&img=1&zoom=1&source=gbs_api,Berkley,"John Moffatt stars as the great Belgian detective in this BBC Radio full-cast dramatization. ""Monsieur Poirot, somehow or other I've just got to get rid of my husband!"" No sooner had she uttered the words than Lady Edgware's husband was dead, brutally stabbed in the neck. The evidence against her is overwhelming, the case cut and dried. But what was the truth behind it all? What enemies lurked in the background of the victim's life? Hercule Poirot is on the case, intrigued once more, ready to investigate murder in the library...",Fiction
343,David Copperfield,Charles Dickens,4.0,0140434941,9780140434941,en,916,15,0,1,2,5,7,1996,1996,David Copperfield,https://books.google.com/books/content?id=O5F9a-NotOAC&printsec=frontcover&img=1&zoom=1&source=gbs_api,Penguin,"Born six months after his father's death, David faces many hardships growing up in nineteenth-century England",Fiction
344,The Grapes of Wrath,John Steinbeck,1.12,5380842692,6541300071061,en,620,7378,2213,1844,1475,1106,740,1993,1993,The Grapes of Wrath,https://books.google.com/books/content?id=FAlBAQAAIAAJ&printsec=frontcover&img=1&zoom=1&source=gbs_api,Everyman,Steinbeck won the Pulitzer Prize with The Grapes of Wrath as well as being awarded the 1940 Nobel Prize for Literature as a mark of his outstanding contribution to literature.,Fiction
345,David Balfour,Robert Louis Stevenson,4.72,0684197367,9780684197364,en,840,9230,92,369,923,2307,5539,1994,1994,David Balfour,https://books.google.com/books/content?id=gu78JKzMB2cC&printsec=frontcover&img=1&zoom=1&edge=curl&source=gbs_api,Simon and Schuster,"The further adventures of David Balfour in which he continues his friendship with Alan Breck Stewart and support of the Scottish highlanders' cause, travels abroad to complete his education, and finds romance.",Adventure and adventurers
346,The Mystery of the Blue Train,Agatha Christie,1.31,7718372436,2120086881363,en,248,8913,2673,2228,1782,1336,894,1985,1985,The Mystery of the Blue Train,https://books.google.com/books/content?id=nPIrAQAAIAAJ&printsec=frontcover&img=1&zoom=1&source=gbs_api,Simon & Schuster,"A BBC full-cast radio drama starring Maurice Denham as the great Belgian detective. A millionaire strikes a deal on the seedier side of Paris and gives to his heartsick daughter, Ruth Kettering, the ""Heart of Fire,"" one of the world's legendary jewels. Legend has it that the possession of the jewel leads to death - but despite her father's protests, young Ruth decides to take it with her on the Blue Train to the French Riviera, where she has planned a reunion with her former lover. A few days into the journey, Ruth is found dead and her priceless rubies stolen. The suspects line up: could the murderer be Derek, her weak and greedy husband; Ruth's former lover, the Comte de la Roche; or the beautiful but tempestuous dancer Mirelle? Only master sleuth Hercule Poirot can unravel the mystery and find the truth.",Fiction
347,The Murder at the Vicarage,Agatha Christie,3.5,0425067904,9780425067901,en,244,4,0,0,1,1,2,1984,1984,The Murder at the Vicarage,https://books.google.com/books/content?id=uVRMd8wHsQAC&printsec=frontcover&img=1&zoom=1&source=gbs_api,Berkley Books,"Colonel Protheroe, St. Mary Mead's most loathed magistrate, has been found shot through the head. It isn't his murder that raises eyebrows, but rather the scandalous secrets it exposes which send Miss Marple on the trail of a killer with something to hide. Reissue.",Fiction
350,Crime and Punishment,Fyodor Dostoevsky,2.61,1989814344,9781989814345,en,300,1267,380,316,253,190,128,2020,2020,Crime and Punishment,https://books.google.com/books/content?id=KRhBzQEACAAJ&printsec=frontcover&img=1&zoom=1&source=gbs_api,Cambridge University Press,"Do you want to read Crime and Punishment? If so then keep reading... One of the supreme masterpieces of world literature, Crime and Punishment catapulted Dostoyevsky to the forefront of Russian writers and into the ranks of the world's greatest novelists. Drawing upon experiences from his own prison days, the author recounts in feverish, compelling tones the story of Raskolnikov, an impoverished student tormented by his own nihilism, and the struggle between good and evil. Believing that he is above the law, and convinced that humanitarian ends justify vile means, he brutally murders an old woman -- a pawnbroker whom he regards as ""stupid, ailing, greedy...good for nothing."" Overwhelmed afterwards by feelings of guilt and terror, Raskolnikov confesses to the crime and goes to prison. There he realizes that happiness and redemption can only be achieved through suffering. Infused with forceful religious, social, and philosophical elements, the novel was an immediate success. What are ...",Fiction
351,Martin Chuzzlewit,Charles Dickens,1.0,1853262056,9781853262050,en,836,1,0,0,0,0,1,1994,1994,Martin Chuzzlewit,https://books.google.com/books/content?id=A2DG7mclawoC&printsec=frontcover&img=1&zoom=1&edge=curl&source=gbs_api,Wordsworth Editions,"Old Martin Chuzzlewit, tormented by the greed and selfishness of his family, effectively drives his grandson, young Martin, to undertake a voyage to America. It is a voyage which will have crucial consequences not only for young Martin, but also for his grandfather and his grandfather's servant, Mary Graham with whom young Martin is in love.",Fiction
352,"Childhood, Boyhood, and Youth",Leo Tolstoy,2.65,4165295820,9124777598109,en,344,7681,2304,1920,1536,1152,769,1991,1991,"Childhood, Boyhood, and Youth",https://books.google.com/books/content?id=O-wmAQAAIAAJ&printsec=frontcover&img=1&zoom=1&source=gbs_api,Everyman's Library,A moving portrait of life amid the 19th century Russian gentry as seen through the penetrating eyes of a young man.,Fiction
354,Hard Times for These Times,Charles Dickens,2.13,4622288970,7392294438925,en,350,4010,1203,1002,802,601,402,1969,1969,Hard Times for These Times,https://books.google.com/books/content?id=XKwrAAAAYAAJ&printsec=frontcover&img=1&zoom=1&source=gbs_api,Penguin Books Limited,"Dickens's widely read satirical account of the Industrial Revolution. Dickens creates the Victorian industrial city of Coketown, in northern England, and its unforgettable citizens, such as the unwavering utilitarian Thomas Gradgrind and the factory owner Josiah Bounderby, and the result is his famous critique of capitalist philosophy, the exploitative force he believed was destroying human creativity and joy. This edition includes new notes to the text. From the Trade Paperback edition.",Fiction
355,The Bell Jar,Sylvia Plath,3.52,3753916080,837992848452,en,232,3820,191,382,955,1528,764,1981,1981,The Bell Jar,https://books.google.com/books/content?id=g4BWAAAAYAAJ&printsec=frontcover&img=1&zoom=1&source=gbs_api,Bantam,The heartbreaking story of a talented young woman who descends into madness.,Fiction
356,Thirteen at Dinner,Agatha Christie,1.14,0425068056,9780425068052,en,242,5357,1607,1339,1071,803,537,1984,1984,Thirteen at Dinner,https://books.google.com/books/content?id=IVMzjeHtGN4C&printsec=frontcover&img=1&zoom=1&source=gbs_api,Berkley,"Beautiful actress Jane Wilkinson wants to exchange her husband for a wealthier one, when he is found murdered, all eyes turn to her.",Fiction
357,The Shadow-line,Joseph Conrad,4.79,6301624789,1003714113835,en,200,8734,87,349,873,2183,5242,1985,1985,The Shadow-line,https://books.google.com/books/content?id=LFEqAQAAIAAJ&printsec=frontcover&img=1&zoom=1&source=gbs_api,"Oxford University Press, USA",Edited with an introduction by Jeremy Hawthorn.,Fiction
359,Ivanhoe,Walter Scott,1.63,6220686109,6724082431905,en,636,6415,1924,1603,1283,962,643,1984,1984,Ivanhoe,https://books.google.com/books/content?id=KTQrAQAAIAAJ&printsec=frontcover&img=1&zoom=1&source=gbs_api,Penguin Classics,"In 1194 the Saxon knight Ivanhoe returns from the Crusades to a chaotic England ruled by the enemies of the absent King Richard the Lion-Hearted and finds himself disowned and dishonored, forced to fight for his name and the people he loves.",Fiction
360,Dombey and Son,Charles Dickens,3.43,1853262579,9781853262579,en,792,3113,311,466,1245,778,313,1995,1995,Dombey and Son,https://books.google.com/books/content?id=tXda29cDfw8C&printsec=frontcover&img=1&zoom=1&source=gbs_api,Wordsworth Classics,A rich and pompous merchant is plagued by loneliness and misfortune.,Fiction
361,The Talisman,Walter Scott,4.0,6922651844,9509875213692,en,364,8140,162,651,1221,2849,3257,1929,1929,The Talisman,https://books.google.com/books/content?id=D7E8AQAAIAAJ&printsec=frontcover&img=1&zoom=1&source=gbs_api,Wiley,"Through a series of adventures, a poor but doughty Scottish crusader known as Sir Kenneth proves his honor and discovers his destiny in Sir Walter Scott's tale of chivalry, violence, virtue, romance, and deceit.",Fiction
362,The Heart of a Dog,Mikhail Bulgakov,2.03,1860460828,9781860460821,en,450,7245,2173,1811,1449,1086,726,1996,1996,The Heart of a Dog,https://books.google.com/books/content?id=2MmAkQEACAAJ&printsec=frontcover&img=1&zoom=1&source=gbs_api,Penguin Random House,"In this absurdly comical story which can also be read as a parable of the Russian Revolution, a world famous Moscow professor transplants a human male's testicles and pituitary gland into a stray dog, creating a worryingly human animal.",Dogs
363,The Railway Children,Edith Nesbit,4.66,0140366717,9780140366716,en,292,8608,86,344,860,2152,5166,1994,1994,The Railway Children,https://books.google.com/books/content?id=m6aZnGmp28wC&printsec=frontcover&img=1&zoom=1&source=gbs_api,Puffin,"When their father is taken away, three children move to the country, where they stay busy saving the train from accidents, befriending a nice Old Gentleman, and trying not to quarrel--Résumé de l'éditeur.",Juvenile Fiction
364,Notes from a Dead House,Fyodor Dostoyevsky,3.31,0307959597,9780307959591,en,610,6832,683,1024,2732,1708,685,2015,2015,Notes from a Dead House,https://books.google.com/books/content?id=peTNoAEACAAJ&printsec=frontcover&img=1&zoom=1&source=gbs_api,Knopf,A man condemned to penal servitude in Siberia relates the effects of imprisonment on himself and his fellow prisoners.,Classics
366,Tuesdays with Morrie,Mitch Albom,4.53,0733609554,9780733609558,en,192,7670,76,306,767,1917,4604,1998,1998,Tuesdays with Morrie,https://books.google.com/books/content?id=lLBlrgEACAAJ&printsec=frontcover&img=1&zoom=1&source=gbs_api,HarperCollins,"Maybe it was a grandparent, or a teacher or a colleague. Someone older, patient and wise, who understood you when you were young and searching and gave you sound advice to help you make your way through it. For Mitch Albom, that person was Morrie Schwartz, his college professor from nearly twenty years ago. Maybe, like Mitch, you lost track of this mentor as you made your way and the insights faded. Wouldn't you like to see that person again, ask the bigger questions that still haunt you? Mitch Albom had that second chance. He rediscovered Morrie in the last months of the older man's life. Knowing he was dying of ALS - or motor neurone disease - Mitch visited Morrie in his study every Tuesday, just as they used to back in college. Their rekindled relationship turned into one final 'class': lessons in how to live. TUESDAYS WITH MORRIE is a magical chronicle of their time together, through which Mitch shares Morrie's lasting gift with the world.",Amyotrophic lateral sclerosis
368,The Hound of the Baskervilles,Arthur Conan Doyle,1.16,1470399423,9781470399429,en,569,8073,2421,2018,1614,1210,810,2001,2001,The Hound of the Baskervilles,https://books.google.com/books/content?id=EqxDAQAACAAJ&printsec=frontcover&img=1&zoom=1&source=gbs_api,Scholastic,"Terror stalks the Devonshire moors as a long-forgotten horror reawakens to haunt the last remaining heir of Baskerville Manor. Widely considered to be Conan Doyle's finest work, The Hound of the Baskervilles features the famous detective Sherlock Holmes and his faithful colleague Dr. Watson as they grapple with a mysterious power from the unseen world.",Blessing and cursing
370,The Power and the Glory,Graham Greene,1.88,7557334628,539264534868,en,316,2781,834,695,556,417,279,1972,1972,The Power and the Glory,https://books.google.com/books/content?id=BUcOAQAAMAAJ&printsec=frontcover&img=1&zoom=1&source=gbs_api,Penguin Group,"In a poor, remote section of southern Mexico, the Red Shirts have taken control, God has been outlawed, and the priests have been systematically hunted down and killed. Now, the last priest strives to overcome physical and moral cowardice in order to find redemption. 240 pp.",Fiction
371,The Story of King Arthur and His Knights,"John Taylor, Robert Miller",3.28,0486214451,9780486214450,en,338,6422,642,963,2568,1605,644,1965,1965,The Story of King Arthur and His Knights,https://books.google.com/books/content?id=eQ0PQZ1LHPcC&printsec=frontcover&img=1&zoom=1&source=gbs_api,Courier Dover Publications,"The King's battle with the Sable Knight, his courtship of Lady Guinevere, and his establishment of the Round Table are included in this adaptation of Arthurian legend",Juvenile Nonfiction
372,Moll Flanders,Daniel Defoe,2.03,1853260738,9781853260735,en,312,7482,2244,1870,1496,1122,750,1993,1993,Moll Flanders,https://books.google.com/books/content?id=kzuSuZj03P8C&printsec=frontcover&img=1&zoom=1&edge=curl&source=gbs_api,Wordsworth Editions,"Abandoned at birth and threatened with a life in service, Defoe's young rebel sets her heart on independence. One fatal seduction and five husbands later, she resorts to a life of self-supporting crime.",Fiction
374,The Culture of Control,David Garland,1.42,0198299370,9780198299370,en,325,23,6,5,4,3,5,2001,2001,The Culture of Control,https://books.google.com/books/content?id=XcYoDVjVAIIC&printsec=frontcover&img=1&zoom=1&edge=curl&source=gbs_api,Clarendon Studies in Criminolo,"This work charts the dramatic changes in crime control and criminal justice in the UK and US since the 1970s. It presents an in-depth analysis of contemporary crime control, revealing its underlying logics and rationalities, and the cultural sensibilities that have produced a culture of control.",Law
375,An Introduction to the Principles of Morals and Legislation,Jeremy Bentham,2.61,6338381874,3048087759650,en,412,2666,799,666,533,399,269,1876,1876,An Introduction to the Principles of Morals and Legislation,https://books.google.com/books/content?id=Hc19ju-_jLgC&printsec=frontcover&img=1&zoom=1&edge=curl&source=gbs_api,Simon & Schuster,This is a fictional description for the book 'An Introduction to the Principles of Morals and Legislation' by Jeremy Bentham.,Crime
377,Dumas' Romances: The vicomte de Bragelonne,Alexandre Dumas,3.06,7815220193,2641957423035,en,608,4352,435,652,1740,1088,437,1893,1893,Dumas' Romances: The vicomte de Bragelonne,https://books.google.com/books/content?id=e8I_AQAAMAAJ&printsec=frontcover&img=1&zoom=1&edge=curl&source=gbs_api,Wiley,This is a fictional description for the book 'Dumas' Romances: The vicomte de Bragelonne' by Alexandre Dumas.,Crime
378,Dumas' Romances: Twenty years after,Alexandre Dumas,3.95,6409098166,5676594587920,en,532,3612,180,361,903,1444,724,1895,1895,Dumas' Romances: Twenty years after,https://books.google.com/books/content?id=7sE_AQAAMAAJ&printsec=frontcover&img=1&zoom=1&edge=curl&source=gbs_api,Oxford University Press,This is a fictional description for the book 'Dumas' Romances: Twenty years after' by Alexandre Dumas.,Crime
380,On Crimes and Punishments and Other Writings,"Cesare marchese di Beccaria, Cesare Beccaria, Bryan Stevenson",2.84,0802089909,9780802089908,en,249,4031,1209,1007,806,604,405,2008,2008,On Crimes and Punishments and Other Writings,https://books.google.com/books/content?id=surdzOtEZgQC&printsec=frontcover&img=1&zoom=1&edge=curl&source=gbs_api,University of Toronto Press,"Translation of Dei delitti e delle pene, published 1764.",History
381,The Female Offender,"Cesare Lombroso, Guglielmo Ferrero",2.34,8161444840,1474387962930,en,578,7406,2221,1851,1481,1110,743,1895,1895,The Female Offender,https://books.google.com/books/content?id=FfWMN5pxNNkC&printsec=frontcover&img=1&zoom=1&edge=curl&source=gbs_api,Oxford University Press,"This is a fictional description for the book 'The Female Offender' by Cesare Lombroso, Guglielmo Ferrero.",Crime
382,Genocide at the Dawn of the Twenty-First Century,D. Tatum,2.28,0230109675,9780230109674,en,453,5046,1513,1261,1009,756,507,2010,2010,Genocide at the Dawn of the Twenty-First Century,https://books.google.com/books/content?id=0dVdAQAAQBAJ&printsec=frontcover&img=1&zoom=1&edge=curl&source=gbs_api,Springer,"At the end of World War II, the international community deemed genocide a crime against humanity. Yet, at the dawn of the twenty-first century it has occurred repeatedly. This book explains why genocide began to occur in the twenty-first century and why the United States has been ineffective at preventing it and stopping it once it occurs.",Political Science
383,Oliver Twist,Charles Dickens,1.47,0959440665,2194330628839,pt-BR,388,1429,428,357,285,214,145,2002,2002,Oliver Twist,https://books.google.com/books/content?id=JK8tAAAAYAAJ&printsec=frontcover&img=1&zoom=1&source=gbs_api,Wiley,This is a fictional description for the book 'Oliver Twist' by Charles Dickens.,Crime
384,State Punishment,Nicola Lacey,3.67,0415109388,9780415109383,en,266,5865,293,586,1466,2346,1174,1994,1994,State Punishment,https://books.google.com/books/content?id=biAZapceyfQC&printsec=frontcover&img=1&zoom=1&edge=curl&source=gbs_api,Psychology Press,Lacey criticizes the fundamental liberal philosophical assumptions underlying much of the modern tradition of theorising about punishment and argues instead for its justifying social functions.,Philosophy
385,Criminal Sociology,Enrico Ferri,4.31,8710178502,3060319992204,en,316,8757,175,700,1313,3064,3505,1895,1895,Criminal Sociology,https://books.google.com/books/content?id=BqkDAAAAYAAJ&printsec=frontcover&img=1&zoom=1&edge=curl&source=gbs_api,Oxford University Press,This is a fictional description for the book 'Criminal Sociology' by Enrico Ferri.,Crime
387,A Hangman's Diary,Franz Schmidt,1.97,8531589418,781437783973,en,286,9792,2937,2448,1958,1468,981,1929,1929,A Hangman's Diary,https://books.google.com/books/content?id=94IGAQAAIAAJ&printsec=frontcover&img=1&zoom=1&source=gbs_api,Penguin Random House,This is a fictional description for the book 'A Hangman's Diary' by Franz Schmidt.,Crime
388,Maoism at the Grassroots,"Jeremy Brown, Matthew D. Johnson",3.72,0674287207,9780674287204,en,477,3135,156,313,783,1254,629,2015,2015,Maoism at the Grassroots,https://books.google.com/books/content?id=KRTRCgAAQBAJ&printsec=frontcover&img=1&zoom=1&edge=curl&source=gbs_api,Harvard University Press,"Maoism at the Grassroots challenges state-centered views of China under Mao, providing insights into the lives of citizens across social strata, ethnicities, and regions. It reveals how ordinary people risked persecution and imprisonment in order to assert personal beliefs and identities, despite political repression and surveillance.",History
389,Cousin Betty,Honoré de Balzac,3.42,9883994599,6894372252995,en,494,4746,474,711,1898,1186,477,1901,1901,Cousin Betty,https://books.google.com/books/content?id=bDw3AQAAMAAJ&printsec=frontcover&img=1&zoom=1&source=gbs_api,Oxford University Press,This is a fictional description for the book 'Cousin Betty' by Honoré de Balzac.,Crime
390,Dumas' Romances: The queen's necklace,Alexandre Dumas,2.25,5989420466,4586495835227,en,624,7206,2161,1801,1441,1080,723,1895,1895,Dumas' Romances: The queen's necklace,https://books.google.com/books/content?id=k74_AQAAMAAJ&printsec=frontcover&img=1&zoom=1&edge=curl&source=gbs_api,Cambridge University Press,This is a fictional description for the book 'Dumas' Romances: The queen's necklace' by Alexandre Dumas.,Crime
391,International and Transnational Crime and Justice,Mangai Natarajan,3.73,110849787X,9781108497879,en,583,3908,195,390,977,1563,783,2019,2019,International and Transnational Crime and Justice,https://books.google.com/books/content?id=4saVDwAAQBAJ&printsec=frontcover&img=1&zoom=1&edge=curl&source=gbs_api,Cambridge University Press,Provides a key textbook on the nature of international and transnational crimes and the delivery of justice for crime control and prevention.,Law
392,Yakuza,"David E. Kaplan, Alec Dubro",4.0,0520274903,9780520274907,en,440,1,0,0,0,0,1,2012,2012,Yakuza,https://books.google.com/books/content?id=6Kln-SUqKW0C&printsec=frontcover&img=1&zoom=1&edge=curl&source=gbs_api,Univ of California Press,"Yakuza tells the story of Japan's remarkable crime syndicates, from their feudal start as bands of medieval outlaws to their emergence as billion-dollar investors in real estate, big business, art, and more. This 25th Anniversary edition has an updated preface from the authors and remains the definitive study of Japan's crime syndicates.",History
393,City of Walls,Teresa P. R. Caldeira,2.32,0520221435,9780520221437,en,508,8567,2570,2141,1713,1285,858,2000,2000,City of Walls,https://books.google.com/books/content?id=m6UwDwAAQBAJ&printsec=frontcover&img=1&zoom=1&edge=curl&source=gbs_api,Univ of California Press,"""This is an extraordinary treatment of a difficult problem. . . . Much more than a conventional comparative study, City of Walls is a genuinely transcultural, transnational work—the first of its kind that I have read.""—George E. Marcus, author of Ethnography Through Thick & Thin ""Caldeira's work is wonderfully ambitious-theoretically bold, ethnographically rich, historically specific. Anyone who cares about the condition and future of cities, of democracy, of human rights should read this book.""—Thomas Bender, Director of the Project on Cities and Urban Knowledges ""City of Walls is a brilliant analysis of the dynamics of urban fear. The sophistication of Caldeira's arguments should stimulate new discussion of cities and urban life. Its significance goes far beyond the borders of Brazil.""—Margaret Crawford, Professor of Urban Planning and Design Theory, Graduate School of Design, Harvard University ""Caldeira's insight illuminates the geography of the city as well as the boundaries—or...",Political Science
394,The Arab Spring,"Clement Henry, Ji-Hyang Jang",2.51,1137344040,9781137344045,en,303,9306,2791,2326,1861,1395,933,2013,2013,The Arab Spring,https://books.google.com/books/content?id=he7RAQAAQBAJ&printsec=frontcover&img=1&zoom=1&edge=curl&source=gbs_api,Springer,This timely project on the Arab Spring was initiated to provide The Asan Institute's own assessment of the changes currently taking place in the region and their significant implications for South Korea.,Political Science
395,Crime and Punishment in Islamic Law,Rudolph Peters,3.4,0521792266,9780521792264,en,244,7738,773,1160,3095,1934,776,2005,2005,Crime and Punishment in Islamic Law,https://books.google.com/books/content?id=Im95I7FjrvwC&printsec=frontcover&img=1&zoom=1&edge=curl&source=gbs_api,Cambridge University Press,"This book, first published in 2006, is an account of the theory and practice of Islamic criminal law.",History
397,Police in Transition,Andr s K d r,2.32,9639241156,9789639241152,en,276,3814,1144,953,762,572,383,2001,2001,Police in Transition,https://books.google.com/books/content?id=jjUfV-Lw088C&printsec=frontcover&img=1&zoom=1&edge=curl&source=gbs_api,Central European University Press,Contents:,Political Science
398,The Shadow Economy,"Friedrich Schneider, Dominik H. Enste",2.28,1107034841,9781107034846,en,225,1804,541,451,360,270,182,2013,2013,The Shadow Economy,https://books.google.com/books/content?id=tMzmHgd2qNcC&printsec=frontcover&img=1&zoom=1&edge=curl&source=gbs_api,Cambridge University Press,This book presents new data to give an overview of shadow economies from OECD countries and propose solutions to prevent illicit work.,Business & Economics
399,Gender and Crime in Modern Europe,"Margaret L. Arnot, Cornelie Usborne",4.81,1857287452,9781857287455,en,20,5376,53,215,537,1344,3227,1999,1999,Gender and Crime in Modern Europe,https://books.google.com/books/content?id=jh_7Q9EFQU0C&printsec=frontcover&img=1&zoom=1&edge=curl&source=gbs_api,Psychology Press,"This work explores the construction of gender norms and examines how they were reflected and reinforced by legal institutional practices in Europe in this period. taking a gendered approach, criminal prosecution and punishment are discussed in relation to the victims and perpretrators. This volume investigates various representations of femininity by assessing female experiences including wife-beating, divorce, abortion, prostitution, property crime and embezzlement at the work place. In addition, issues such as neglect, sexual abuse and the ""invention"" of the juvenile offender are analyzed.",History
401,"The Fortunes and Misfortunes of the Famous Moll Flanders, &c ...",Daniel Defoe,1.55,7274315499,7981652697999,en,458,1178,353,294,235,176,120,1971,1971,"The Fortunes and Misfortunes of the Famous Moll Flanders, &c ...",https://books.google.com/books/content?id=C5ViAAAAMAAJ&printsec=frontcover&img=1&zoom=1&source=gbs_api,"Oxford University Press, USA","Moll is a headstrong woman whose lowly station in 18th century London leaves her in the most dire of circumstances forcing her into a lifestyle that could easily break her spirit. Her story involves husbands and numerous lovers, shedding family secrets and travels to bustling London and the New World's Virginia.",Fiction
402,The Last Duel,Eric Jager,1.52,8904061191,9018514604534,en,264,3816,1144,954,763,572,383,2004,2004,The Last Duel,https://books.google.com/books/content?id=IxmcAAAAMAAJ&printsec=frontcover&img=1&zoom=1&source=gbs_api,Broadway,"Set during the Hundred Years War, this is the gripping, atmospheric true story of the ""duel to end all duels"" in medieval France: a trial by combat pitting a knight against a squire accused of violating the knight's beautiful young wife.",History
403,The Strange History of Bonnie and Clyde,J. E. Treherne,2.41,0293111604,9089460305185,en,284,6379,1913,1594,1275,956,641,1984,1984,The Strange History of Bonnie and Clyde,https://books.google.com/books/content?id=iS_VAAAAIAAJ&printsec=frontcover&img=1&zoom=1&source=gbs_api,Random House (UK),This is a fictional description for the book 'The Strange History of Bonnie and Clyde' by J. E. Treherne.,Biography & Autobiography
404,End in Tears,Ruth Rendell,2.0,6709482001,4308627754334,en,344,1,0,0,0,0,1,2005,2005,End in Tears,https://books.google.com/books/content?id=8axlAAAAMAAJ&printsec=frontcover&img=1&zoom=1&source=gbs_api,Hutchinson Radius,"While investigating a series of unrelated murders, Inspector Wexford discovers that the victim of a piece of falling concrete, pushed off a highway overpass, is somehow linked to the bludgeoning death of a teenager killed after a late night out with her friends.",Fiction
405,The Mysterious Mr. Quin,Agatha Christie,4.5,0312981600,9780312981600,en,292,5,0,0,0,1,4,2002,2002,The Mysterious Mr. Quin,https://books.google.com/books/content?id=ddqzBU1EgXkC&printsec=frontcover&img=1&zoom=1&source=gbs_api,Macmillan,"Mr. Harley Quin has an almost magical flair for appearing at the scene of the most remarkable crimes. But is it a light trick that haunts his shadow with a ghostly apparition? Is it fate that invited him to a New Year's Eve murder? And what forces are at work when his car breaks down outside Royston Hall, an isolated estate with a deadly history?",Fiction
406,Secrets of Life and Death,Renate Siebert,5.0,185984023X,9781859840238,en,356,1,0,0,0,0,1,1996,1996,Secrets of Life and Death,https://books.google.com/books/content?id=LXNWOyPfDSoC&printsec=frontcover&img=1&zoom=1&edge=curl&source=gbs_api,Verso,"This volume focuses on women whose lives are entangled in the workings of the Mafia, drawing on courtroom testimonies, interviews, contemporary journalism and recent research. Individual narratives illuminate women's experiences, both as victims or active opponents.",Social Science
407,The Golden Gate,Alistair MacLean,5.0,0385116470,9780385116473,en,256,1,0,0,0,0,1,1976,1976,The Golden Gate,https://books.google.com/books/content?id=76R1WtD_uG4C&printsec=frontcover&img=1&zoom=1&source=gbs_api,Scholastic,Terrorists kidnap the President of the United States and two Middle Eastern heads of State and threaten to kill them if their demands are not met.,Fiction
408,The Long Goodbye,Raymond Chandler,4.68,0394757688,9780394757681,en,316,5723,57,228,572,1430,3436,1988,1988,The Long Goodbye,https://books.google.com/books/content?id=36MMmgBW0ToC&printsec=frontcover&img=1&zoom=1&source=gbs_api,Vintage,An encounter with a drunk brings both adventure and trouble to a cynical middle-aged private detective,Fiction
409,American Tabloid,James Ellroy,4.5,6371497800,5167956600468,en,600,5,0,0,0,1,4,1995,1995,American Tabloid,https://books.google.com/books/content?id=95paAAAAMAAJ&printsec=frontcover&img=1&zoom=1&source=gbs_api,Knopf Publishing Group,"Three renegade law-enforcement officers--a former LA cop and two FBI agents--are shaping events and riding shotgun into history. This novel is behind and below the scenes of the JFK election and assassination, the Bay of Pigs, and the underworld that connects Miami, LA, Chicago, and DC.",Fiction
410,"Guns, Girls, Gambling, Ganja","Pasuk Phongpaichit, Sangsit Phiriyarangsan, Nualnoi Treerat",4.6,9842321116,453404763021,en,308,1539,15,61,153,384,926,1998,1998,"Guns, Girls, Gambling, Ganja",https://books.google.com/books/content?id=sBexAAAAIAAJ&printsec=frontcover&img=1&zoom=1&source=gbs_api,University of Washington Press,"Gambling, prostitution, drugs, arms trading, oil smuggling, and trafficking in people -- these six illegal businesses are large and getting larger. They distort the economy and victimize people. They are increasingly linked together through networks of protection and organized crime. They help to fund Thailand's corrosive 'money politics' and to sustain corruption in the police. In this sequel to Corruption and Democracy in Thailand, the authors argue that control of the illegal economy, especially through reform of the police, is vital for the development of a modern economy and functioning democracy.",Business & Economics
411,"Eat, Pray, Love",Elizabeth Gilbert,3.5,0747585660,9780747585664,en,385,2,0,0,0,0,2,2007,2007,"Eat, Pray, Love",https://books.google.com/books/content?id=QdCNeNx6LJUC&printsec=frontcover&img=1&zoom=1&edge=curl&source=gbs_api,A&C Black,"The Number One international bestseller, Eat, Pray Love is a journey around the world, a quest for spiritual enlightenment and a story for anyone who has battled with divorce, depression and heartbreak.",Biography & Autobiography
412,Lives of the Caesars,Suetonius,1.26,0199537569,9780199537563,en,449,3402,1020,850,680,510,342,2000,2000,Lives of the Caesars,https://books.google.com/books/content?id=JsNxkG6Ai9sC&printsec=frontcover&img=1&zoom=1&edge=curl&source=gbs_api,Oxford Paperbacks,"The Lives of the Caesars include the biographies of Julius Caesar and the eleven subsequent emperors: Augustus, Tiberius, Gaius Caligula, Claudius, Nero, Galba, Otho, Vitelius, Vespasian, Titus, Domitian. Suetonius composed his material from a variety of sources, without much concern for their reliability. His biographies consist the ancestry and career of each emperor in turn; however, his interest is not so much analytical or historical, but anecdotal and salacious which gives rise to a lively and provocative succession of portraits. The account of Julius Caesar does not simply mention his crossing of the Rubicon and his assassination, but draws attention to his dark piercing eyes and attempts to conceal his baldness. The Live of Caligula presents a vivid picture of the emperor's grotesque appearance, his waywardness, and his insane cruelties. The format and style of Suetonius' Lives of the Caesars was to set the tone for biography throughout western literature - his work remains ...",Biography & Autobiography
413,Dictionary of Greek and Roman Biography and Mythology: Earinus-Nyx,William Smith,2.23,0195731969,6760709825636,en,1238,2408,722,602,481,361,242,1846,1846,Dictionary of Greek and Roman Biography and Mythology: Earinus-Nyx,https://books.google.com/books/content?id=870_AQAAIAAJ&printsec=frontcover&img=1&zoom=1&edge=curl&source=gbs_api,Cambridge University Press,This is a fictional description for the book 'Dictionary of Greek and Roman Biography and Mythology: Earinus-Nyx' by William Smith.,Biography
415,Lives of the Eminent Philosophers,Diogenes Laertius,3.7,0190862173,9780190862176,en,701,2085,104,208,521,834,418,2018,2018,Lives of the Eminent Philosophers,https://books.google.com/books/content?id=HLNSDwAAQBAJ&printsec=frontcover&img=1&zoom=1&edge=curl&source=gbs_api,Oxford University Press,"Lives of the Eminent Philosophers of Diogenes Laertius is a crucial source for much of what we know about the origins of philosophy in ancient Greece. Accompanied by dozens of artworks and newly commissioned essays that shed light on Diogenes' context and influence, this new, complete translation provides a revealing glimpse into the philosophers of Plato's Academy, Aristotle's Lyceum, and Epicurus' Garden.",Biography & Autobiography
416,What Are the Gospels?,Richard A. Burridge,3.82,0802809715,9780802809711,en,384,3095,154,309,773,1238,621,2004,2004,What Are the Gospels?,https://books.google.com/books/content?id=4LPIvOCuWYYC&printsec=frontcover&img=1&zoom=1&edge=curl&source=gbs_api,Wm. B. Eerdmans Publishing,"""The publication of Richard Burridge's What Are the Gospels? in 1992 inaugurated a transformation in Gospel studies by overturning the previous consensus about Gospel uniqueness. Burridge argued convincingly for an understanding of the Gospels as biographies, a ubiquitous genre in the Graeco-Roman world. To establish this claim, Burridge compared each of the four canonical Gospels to the many extant Graeco-Roman biographies. Drawing on insights from literary theory, he demonstrated that the previously widespread view of the Gospels as unique compositions was false. Burridge went on to discuss what a properly ""biographical"" perspective might mean for Gospel interpretation, which was amply demonstrated in the revised second edition reflecting on how his view had become the new consensus. This third, twenty-fifth anniversary edition not only celebrates the continuing influence of What Are the Gospels?, but also features a major new contribution in which Burridge analyzes recent debates...",Biography & Autobiography
417,The Lord of Uraniborg,"Victor E. Thoren, John Robert Christianson",4.81,0521351588,9780521351584,en,537,7333,73,293,733,1833,4401,1990,1990,The Lord of Uraniborg,https://books.google.com/books/content?id=F5a83U4B8XkC&printsec=frontcover&img=1&zoom=1&edge=curl&source=gbs_api,Cambridge University Press,"The Lord of Uraniborg is a comprehensive biography of Tycho Brahe, father of modern astronomy, famed alchemist and littérateur of the sixteenth-century Danish Renaissance. Written in a lively and engaging style, Victor Thoren's biography offers interesting perspectives on Tycho's life and presents alternative analyses of virtually every aspect of his scientific work. A range of readers interested in astronomy, history of astronomy and the history of science will find this book fascinating.",Biography & Autobiography
418,Autobiography,John Stuart Mill,2.35,0198759606,9780198759607,en,273,1414,424,353,282,212,143,2018,2018,Autobiography,https://books.google.com/books/content?id=kBFQDwAAQBAJ&printsec=frontcover&img=1&zoom=1&edge=curl&source=gbs_api,Oxford University Press,"Describes the philosopher's life from his development as a child prodigy, to his near suicide at the age of twenty-one, through his growth as a philosopher and social thinker.",Biography & Autobiography
419,Plutarch,Plutarch,1.54,1550838185,2140225374539,en,808,791,237,197,158,118,81,1992,1992,Plutarch,https://books.google.com/books/content?id=oANWAAAAYAAJ&printsec=frontcover&img=1&zoom=1&source=gbs_api,"Random House Digital, Inc.","Plutarch's Lives, written at the beginning of the second century A.D., is a brilliant social history of the ancient world by one of the greatest biographers and moralists of all time. In what is by far his most famous and influential work, Plutarch reveals the character and personality of his subjects and how they led ultimately to tragedy or victory. Richly anecdotal and full of detail, Volume I contains profiles and comparisons of Romulus and Theseus, Numa and Lycurgus, Fabius and Pericles, and many more powerful figures of ancient Greece and Rome. The present translation, originally published in 1683 in conjunction with a life of Plutarch by John Dryden, was revised in 1864 by the poet and scholar Arthur Hugh Clough, whose notes and preface are also included in this edition. ""From the Trade Paperback edition.",Biography & Autobiography
420,Beria,Amy Knight,1.27,0691010935,9780691010939,en,341,3765,1129,941,753,564,378,1993,1993,Beria,https://books.google.com/books/content?id=ieA9DwAAQBAJ&printsec=frontcover&img=1&zoom=1&edge=curl&source=gbs_api,Princeton University Press,"This is the biography of Lavrentii Beria, Stalin's notorious police chief and for many years his most powerful lieutenant. Beria has long symbolized the evils of Stalinism, yet because his political opponents removed his name from public memory after his execution in 1953, little is known of him.",Biography & Autobiography
421,The Innovators,Walter Isaacson,1.19,147670869X,9781476708690,en,560,712,213,178,142,106,73,2014,2014,The Innovators,https://books.google.com/books/content?id=aFapBAAAQBAJ&printsec=frontcover&img=1&zoom=1&edge=curl&source=gbs_api,Simon and Schuster,"A revelatory history of the people who created the computer and the Internet discusses the process through which innovation happens in the modern world, citing the pivotal contributions of such figures as Ada Lovelace, Alan Turing, Bill Gates, and Tim Berners-Lee.",Biography & Autobiography
422,"The Lives of the Noble Grecians and Romaines,",Plutarch,2.8,3252978409,8736279319305,en,1214,3740,1122,935,748,561,374,1579,1579,"The Lives of the Noble Grecians and Romaines,",https://books.google.com/books/content?id=JREQ5Sok-p8C&printsec=frontcover&img=1&zoom=1&edge=curl&source=gbs_api,Penguin Random House,"This is a fictional description for the book 'The Lives of the Noble Grecians and Romaines,' by Plutarch.",Biography
423,"A New Classical Dictionary of Greek and Roman Biography, Mythology and Geography",William Smith,2.54,6131635536,4979582533498,en,1084,8951,2685,2237,1790,1342,897,1862,1862,"A New Classical Dictionary of Greek and Roman Biography, Mythology and Geography",https://books.google.com/books/content?id=FjIaAAAAYAAJ&printsec=frontcover&img=1&zoom=1&edge=curl&source=gbs_api,Cambridge University Press,"This is a fictional description for the book 'A New Classical Dictionary of Greek and Roman Biography, Mythology and Geography' by William Smith.",Biography
424,Benjamin Franklin,Walter Isaacson,4.0,074325807X,9780743258074,en,628,23,0,1,3,8,11,2004,2004,Benjamin Franklin,https://books.google.com/books/content?id=L64OOJGaCKIC&printsec=frontcover&img=1&zoom=1&edge=curl&source=gbs_api,Simon and Schuster,"During his 84-year life Benjamin Franklin was America's best scientist, inventor, publisher, business strategist, diplomat, and writer. He was also one of its most practical political thinkers. America's first great publicist, he carefully crafted his own persona, portrayed it in public and polished it for posterity. In this riveting new biography Walter Isaacson provides readers with a full portrait of Franklin's public and private life - his loyal but neglected wife, his bastard son with whom he broke over going to war with England, his endless replacement families and his many amorous, but probably unconsummated, liaisons. But this is not just a biography of Benjamin Franklin but rather a fascinating look at American and European political history at that time. Isaacson examines the run up to the Revolutionary War, the intimate relations between Britain, France and the colonies and the decisive events that led to America's independence. Just as David McCullough brought life to th...",Biography & Autobiography
425,Plutarch's Lives Translated from the Original Greek,"Plutarch, John Langhorne, William Langhorne",2.0,9290582495,6596185229443,en,478,6278,1883,1569,1255,941,630,1873,1873,Plutarch's Lives Translated from the Original Greek,https://books.google.com/books/content?id=8IFIAQAAMAAJ&printsec=frontcover&img=1&zoom=1&edge=curl&source=gbs_api,Penguin Random House,"This is a fictional description for the book 'Plutarch's Lives Translated from the Original Greek' by Plutarch, John Langhorne, William Langhorne.",Biography
426,"A Classical Dictionary of Greek and Roman Biography, Mythology and Geography","Sir William Smith, William Smith",1.52,3477992840,4653955799755,en,1036,8650,2595,2162,1730,1297,866,1894,1894,"A Classical Dictionary of Greek and Roman Biography, Mythology and Geography",https://books.google.com/books/content?id=EYW63r6TJ_UC&printsec=frontcover&img=1&zoom=1&edge=curl&source=gbs_api,HarperCollins,"This is a fictional description for the book 'A Classical Dictionary of Greek and Roman Biography, Mythology and Geography' by Sir William Smith, William Smith.",Biography
427,Plutarch's Lives,Plutarch,3.03,7224449239,1141676298654,en,290,3869,386,580,1547,967,389,1804,1804,Plutarch's Lives,https://books.google.com/books/content?id=OG1EAAAAMAAJ&printsec=frontcover&img=1&zoom=1&edge=curl&source=gbs_api,Macmillan Publishers,This is a fictional description for the book 'Plutarch's Lives' by Plutarch.,Biography
428,"Plutarch's Lives, tr. by J. and W. Langhorne",Plutarch,4.48,1703453894,7430334862326,en,586,4816,96,385,722,1685,1928,1813,1813,"Plutarch's Lives, tr. by J. and W. Langhorne",https://books.google.com/books/content?id=yP8RaNhL450C&printsec=frontcover&img=1&zoom=1&edge=curl&source=gbs_api,Penguin Random House,"This is a fictional description for the book 'Plutarch's Lives, tr. by J. and W. Langhorne' by Plutarch.",Biography
430,Edmond Halley,Alan H. Cook,1.44,0198500319,9780198500315,en,584,3550,1065,887,710,532,356,1998,1998,Edmond Halley,https://books.google.com/books/content?id=jW-W0guWTU0C&printsec=frontcover&img=1&zoom=1&edge=curl&source=gbs_api,Oxford University Press,"Edmond Halley (1656-1742), MA, LLD, FRS, Capt. RN, Savillian Professor of Geometry and Astronomer Royal, stands pre-eminent among Oxford, English, and European scientists. A contemporary of Wren, Pepys, Hooke, Handel, Purcell, and Dryden, he was a schoolboy in London while the Great Fireraged, and was an active participant in the Enlightenment, an age of profound developments in all the arts and sciences. As a younger contemporary of Isaac Newton, he had a crucial part in the Newtonian revolution in the natural sciences. It was Halley who set the question that led Newton to writethe Principia, and who edited, paid for, and reviewed it. In later years he applied the methods of the Principia widely in astronomy and geophysics. Now more widely known for his prediction of the return of ""his"" comet, Halley discovered the proper motion of stars, made important studies of themoon's motion, and his investigations of the Earth's magnetic field and of tides were unrialled for centuries. His p...",Biography & Autobiography
434,Origen: Contra Celsum,Origen,2.28,0521295769,9780521295765,en,576,2253,675,563,450,337,228,1980,1980,Origen: Contra Celsum,https://books.google.com/books/content?id=wsKLIV3TpOYC&printsec=frontcover&img=1&zoom=1&edge=curl&source=gbs_api,Cambridge University Press,"Few works of the early Church are as interesting to the modern reader or as important to the historian as Origen's reply to the attack on Christianity made by the pagan Celsus. The Contra Celsum is the culmination of the great apologetic movement of the second and third centuries AD, and is for the Greek Church what St Augustine's City of God is for Western Christendom. It is also one of the chief monuments of the coming together of ancient Greek culture and the new faith of the expanding Christian society. Thus Origen's work is of interest not only to the historian and theologian, but also to the hellenist. Professor Chadwick's English translation is preceded by a substantial introduction which includes discussion on Celsus' date, identity and theological outlook, as well as an account of Origen's philosophical background and method. The notes elucidate the many obscure allusions of a difficult text.",Apologetics
435,"Francis of Assisi - The Prophet: Early Documents, vol. 3","Regis J. Armstrong, J. A. Wayne Hellmann, William J. Short",2.67,1565481143,9781565481145,en,892,5806,1741,1451,1161,870,583,1999,1999,"Francis of Assisi - The Prophet: Early Documents, vol. 3",https://books.google.com/books/content?id=J-geLPmduL4C&printsec=frontcover&img=1&zoom=1&edge=curl&source=gbs_api,New City Press,"The Prophet is the third volume in this extraordinary series of ""the writings of Saint Francis and those of the early Franciscan witnesses"" and it will ""be of estimable value to scholars, students, and lovers of Il Poverello as well...a scholarly achievement done in the service of history, theology and spirituality."" (Lawrence Cunningham)",Biography & Autobiography
436,Einstein,Walter Isaacson,1.71,0743264746,9780743264747,en,704,2716,814,679,543,407,273,2008,2008,Einstein,https://books.google.com/books/content?id=x7vaDgAAQBAJ&printsec=frontcover&img=1&zoom=1&edge=curl&source=gbs_api,Simon and Schuster,"From Isaacson, the bestselling author of ""Benjamin Franklin,"" comes the first full biography of Albert Einstein since all his papers have become available--a fully realized portrait of a premier icon of his era.",Biography & Autobiography
437,General Biography,John Aikin,4.77,1475656786,638459931179,en,646,6306,63,252,630,1576,3785,1803,1803,General Biography,https://books.google.com/books/content?id=FUUDAAAAYAAJ&printsec=frontcover&img=1&zoom=1&edge=curl&source=gbs_api,Hachette Book Group,This is a fictional description for the book 'General Biography' by John Aikin.,Biography
438,Harshacarita,Bāṇabhaṭṭa,3.12,812080032X,9788120800328,en,710,2676,267,401,1070,669,269,1986,1986,Harshacarita,https://books.google.com/books/content?id=a1BeE-gn0t8C&printsec=frontcover&img=1&zoom=1&edge=curl&source=gbs_api,Motilal Banarsidass Publ.,"The Harshacarita of Banabhatta is a historical prose romance in Sanskrit, describing the events of king Harsa's (7th century A.D.) accession to the throne, his conquests and his relations with the contemporary monarchs. The work is valuable both from the literary and historical point of view. The present book comprises the complete Sanskrit text and elaborate notes in English. The notes explain the text literally and exegetically and thus, in fact, are better substitutes for translation. The introduction, prefixed to the text, deals, among other topics, with the personal history of Bana, his date and his works, the biography of Harsa, the political conditions and the religious beliefs prevailing in that age. The appendices contain the abstract of the Harshacarita and the index.",Religion
439,Emile Durkheim,Steven Lukes,5.0,0804712832,9780804712835,en,704,1,0,0,0,0,1,1985,1985,Emile Durkheim,https://books.google.com/books/content?id=VaUAahYoQ2gC&printsec=frontcover&img=1&zoom=1&edge=curl&source=gbs_api,Stanford University Press,"This study of Durkheim seeks to help the reader to achieve a historical understanding of his ideas and to form critical judgments about their value. To some extent these tow aims are contradictory. On the one hand, one seeks to understand: what did Durkheim really mean, how did he see the world, how did his ideas related to one another and how did they develop, how did they related to their biographical and historical context, how were they received, what influence did they have and to what criticism were they subjected, what was it like not to make certain distinctions, not to see certain errors, of fact or of logic, not to know what has subsequently become known? On the other hand, one seeks to assess: how valuable and how valid are the ideas, to what fruitful insights and explanations do they lead, how do they stand up to analysis and to the evidence, what is their present value? Yet it seems that it is only by inducing oneself not to see and only by seeing them that one can make...",Biography & Autobiography
440,A Short Life of Napoleon Bonaparte,Ida Minerva Tarbell,3.57,1885930352,5234316720019,en,272,3822,191,382,955,1528,766,1895,1895,A Short Life of Napoleon Bonaparte,https://books.google.com/books/content?id=3MwaAAAAYAAJ&printsec=frontcover&img=1&zoom=1&edge=curl&source=gbs_api,Macmillan Publishers,This is a fictional description for the book 'A Short Life of Napoleon Bonaparte' by Ida Minerva Tarbell.,Biography & Autobiography
441,The Treasures of Alexander the Great,Frank Lee Holt,4.32,0199950962,9780199950966,en,321,5399,107,431,809,1889,2163,2016,2016,The Treasures of Alexander the Great,https://books.google.com/books/content?id=lC12CwAAQBAJ&printsec=frontcover&img=1&zoom=1&edge=curl&source=gbs_api,Oxford University Press,"This book investigates the kinds and quantities of treasure seized by Alexander the Great, from gold and silver to land and slaves, and reassesses the widespread belief that the Macedonian king used the profits of war to improve the ancient economies he conquered. It reveals what became of the king's wealth and what Alexander's redistribution of these vast resources can tell us about his much-disputed policies and personality.",Architecture
442,After the Fact,Clifford Geertz,5.0,0674008723,9780674008724,en,212,1,0,0,0,0,1,1996,1996,After the Fact,https://books.google.com/books/content?id=eTbBXkBQvHoC&printsec=frontcover&img=1&zoom=1&edge=curl&source=gbs_api,Harvard University Press,"In looking back on four decades of anthropology in the field, Clifford Geertz creates a personal history that is also a retrospective reflection on developments in the human sciences amid political, social, and cultural changes in the world.",Biography & Autobiography
443,New Makers of Modern Culture,Justin Wintle,1.22,1136768823,9781136768828,en,1812,8984,2695,2246,1796,1347,900,2016,2016,New Makers of Modern Culture,https://books.google.com/books/content?id=1SEHDAAAQBAJ&printsec=frontcover&img=1&zoom=1&edge=curl&source=gbs_api,Routledge,New Makers of Modern Culture will be widely acquired by both higher education and public libraries. Bibliographies are attached to entries and there is thorough cross- referencing.,Biography & Autobiography
444,Caesar,Adrian Keith Goldsworthy,5.0,3030563931,6599804356374,en,616,1,0,0,0,0,1,2006,2006,Caesar,https://books.google.com/books/content?id=YWRoAAAAMAAJ&printsec=frontcover&img=1&zoom=1&source=gbs_api,Simon & Schuster,"In this landmark biography, Goldsworthy places Caesar firmly within the context of Roman society in the first century B.C.",Biography & Autobiography
445,The Classical Art of Command,Joseph Roisman,1.88,0199985820,9780199985821,en,417,5020,1506,1255,1004,753,502,2017,2017,The Classical Art of Command,https://books.google.com/books/content?id=wMXXDQAAQBAJ&printsec=frontcover&img=1&zoom=1&edge=curl&source=gbs_api,Oxford University Press,This book examines the many facets of Greek leadership during the Classical Age through the unique perspective of eight generals regarded as outstanding shapers of Greek military history. The work also draws attention to the important role that the general's personality played in his command.,Biography & Autobiography
447,The Women of the Cousins' War,"Philippa Gregory, David Baldwin, Michael Jones",3.93,1451629559,9781451629552,en,368,2983,149,298,745,1193,598,2013,2013,The Women of the Cousins' War,https://books.google.com/books/content?id=zqm_RWphYW0C&printsec=frontcover&img=1&zoom=1&edge=curl&source=gbs_api,Simon and Schuster,Includes a reading group guide (p. [345-350]).,Biography & Autobiography
448,Historical and Critical Dictionary,"Pierre Bayle, Craig Brush",4.93,0872201031,9780872201033,en,496,2654,26,106,265,663,1594,1991,1991,Historical and Critical Dictionary,https://books.google.com/books/content?id=90qq9SZm0r0C&printsec=frontcover&img=1&zoom=1&edge=curl&source=gbs_api,Hackett Publishing,"Richard Popkin's meticulous translation--the most complete since the eighteenth century--contains selections from thirty-nine articles, as well as from Bayle's four Clarifications. The bulk of the major articles of philosophical and theological interest--those that influenced Leibniz, Berkeley, Hume, and Voltaire and formed the basis for so many eighteenth-century discussions--are present, including David, Manicheans, Paulicians, Pyrrho, Rorarius, Simonides, Spinoza, and Zeno of Elea.",Philosophy
449,Doctors from Hell,Vivien Spitz,4.5,1591810329,9781591810322,en,354,3,0,0,0,0,3,2005,2005,Doctors from Hell,https://books.google.com/books/content?id=_VH-7oeT4lEC&printsec=frontcover&img=1&zoom=1&edge=curl&source=gbs_api,Sentient Publications,"A chilling story of human depravity and ultimate justice, told for the first time by an eyewitness court reporter for the Nuremberg war crimes trial of Nazi doctors. This is the account of 22 men and 1 woman and the torturing and killing by experiment they authorized in the name of scientific research and patriotism. Doctors from Hell includes trial transcripts that have not been easily available to the general public and previously unpublished photographs used as evidence in the trial. The author describes the experience of being in bombed-out, dangerous, post-war Nuremberg, where she lived for two years while working on the trial. Once a Nazi sympathizer tossed bombs into the dining room of the hotel where she lived moments before she arrived for dinner. She takes us into the courtroom to hear the dramatic testimony and see the reactions of the defendants to the proceedings. This landmark trial resulted in the establishment of the Nuremberg code, which set the guidelines for medic...",Biography & Autobiography
450,The Life of Charlotte Brontë,Elizabeth Cleghorn Gaskell,2.37,2039407856,3371082623172,en,138,7894,2368,1973,1578,1184,791,1975,1975,The Life of Charlotte Brontë,https://books.google.com/books/content?id=wcZBf8K98EkC&printsec=frontcover&img=1&zoom=1&source=gbs_api,Penguin Classics,"The Life of Charlotte Bronte, by Elizabeth Gaskell, is part of the Barnes & Noble Classics series, which offers quality editions at affordable prices to the student and the general reader, including new scholarship, thoughtful design, and pages of carefully crafted extras. Here are some of the remarkable features of Barnes & Noble Classics: New introductions commissioned from today's top writers and scholars Biographies of the authors Chronologies of contemporary historical, biographical, and cultural events Footnotes and endnotes Selective discussions of imitations, parodies, poems, books, plays, paintings, operas, statuary, and films inspired by the work Comments by other famous authors Study questions to challenge the reader's viewpoints and expectations Bibliographies for further reading Indices & Glossaries, when appropriateAll editions are beautifully designed and are printed to superior specifications; some include illustrations of historical interest. Barnes & Noble Classics...",Biography & Autobiography
451,The Great Transformation,Karl Polanyi,2.63,0807056421,9780807056424,en,364,7695,2308,1923,1539,1154,771,2001,2001,The Great Transformation,https://books.google.com/books/content?id=YfpIs1Z6B2sC&printsec=frontcover&img=1&zoom=1&edge=curl&source=gbs_api,Beacon Press,"In this classic work of economic history and social theory, Karl Polanyi analyzes the economic and social changes brought about by the ""great transformation"" of the Industrial Revolution. His analysis explains not only the deficiencies of the self-regulating market, but the potentially dire social consequences of untempered market capitalism. New introductory material reveals the renewed importance of Polanyi's seminal analysis in an era of globalization and free trade.",Business & Economics
452,Damascus,Ross Burns,3.3,0415271053,9780415271059,en,409,8159,815,1223,3263,2039,819,2005,2005,Damascus,https://books.google.com/books/content?id=SVR2cjWptCAC&printsec=frontcover&img=1&zoom=1&edge=curl&source=gbs_api,Psychology Press,"Lavishly illustrated, the first book in English to relate the history of Damascus, is a compelling and unique exploration of a fascinating city.",Damascus (Syria)
453,The Blitzkrieg Legend,Karl-Heinz Frieser,4.7,1612513581,9781612513584,en,421,6252,62,250,625,1563,3752,2013,2013,The Blitzkrieg Legend,https://books.google.com/books/content?id=GTw4AAAAQBAJ&printsec=frontcover&img=1&zoom=1&edge=curl&source=gbs_api,Naval Institute Press,"Here, for the first time in English, is an illuminating new German perspective on the decisive Blitzkrieg campaign of 1940. Karl-Heinz Frieser's account provides the definitive explanation for Germany's startling success and the equally surprising and rapid military collapse of France and Britain on the European continent. In a little over a month, Germany decisively defeated the Allies in battle, a task that had not been achieved in four years of brutal fighting during World War I. First published in 1995 as the official German history of the 1940 campaign in the west, the book goes beyond standard explanations to show that German victory was not inevitable and French defeat was not preordained. Contrary to the usual accounts of the campaign, Frieser illustrates that the military systems of both Germany and France were solid and that their campaign planning was sound. The key to victory or defeat, he argues, was the execution of operational plans—both preplanned and ad hoc—amid the...",History
454,The Gates of Europe,Serhii Plokhy,3.05,0241188105,9780241188101,en,477,2475,247,371,990,618,249,2015,2015,The Gates of Europe,https://books.google.com/books/content?id=4E3ZCQAAQBAJ&printsec=frontcover&img=1&zoom=1&edge=curl&source=gbs_api,Penguin UK,"From award-winning historian Serhii Plokhy, The Gates of Europe is the definitive history of Ukraine that helps us understand the country's past and the current crisis Located at the western edge of the Eurasian steppe, Ukraine has long been the meeting place of empires - Roman to Ottoman, Habsburg to Russian - and they all left their imprint on the landscape, the language and the people living within these shifting borders. In this authoritative book, Serhii Plokhy traces the history of Ukraine from the arrival of the Vikings in the tenth century to the current Russian invasion of eastern Ukraine and annexation of Crimea. Fascinating and multi-layered, The Gates of Europe is the essential guide to understanding not just Ukraine's past but also its future.",History
455,Alexander the Great,Philip Freeman,3.87,1439193282,9781439193280,en,418,1962,98,196,490,784,394,2011,2011,Alexander the Great,https://books.google.com/books/content?id=Br-Ho0rlFGwC&printsec=frontcover&img=1&zoom=1&edge=curl&source=gbs_api,Simon and Schuster,"In the first authoritative biography of Alexander the Great written for a general audience in a generation, classicist and historian Philip Freeman tells the remarkable life of the great conqueror. The celebrated Macedonian king has been one of the most enduring figures in history. He was a general of such skill and renown that for two thousand years other great leaders studied his strategy and tactics, from Hannibal to Napoleon, with countless more in between. He flashed across the sky of history like a comet, glowing brightly and burning out quickly: crowned at age nineteen, dead by thirty-two. He established the greatest empire of the ancient world; Greek coins and statues are found as far east as Afghanistan. Our interest in him has never faded. Alexander was born into the royal family of Macedonia, the kingdom that would soon rule over Greece. Tutored as a boy by Aristotle, Alexander had an inquisitive mind that would serve him well when he faced formidable obstacles during his...",Biography & Autobiography
456,Rules,Lorraine Daston,2.33,0691156980,9780691156989,en,384,1654,496,413,330,248,167,2022,2022,Rules,https://books.google.com/books/content?id=7hhZEAAAQBAJ&printsec=frontcover&img=1&zoom=1&edge=curl&source=gbs_api,Princeton University Press,"A panoramic history of rules in the Western world Rules order almost every aspect of our lives. They set our work hours, dictate how we drive and set the table, tell us whether to offer an extended hand or cheek in greeting, and organize the rites of life, from birth through death. We may chafe under the rules we have, and yearn for ones we don’t, yet no culture could do without them. In Rules, historian Lorraine Daston traces their development in the Western tradition and shows how rules have evolved from ancient to modern times. Drawing on a rich trove of examples, including legal treatises, cookbooks, military manuals, traffic regulations, and game handbooks, Daston demonstrates that while the content of rules is dazzlingly diverse, the forms that they take are surprisingly few and long-lived. Daston uncovers three enduring kinds of rules: the algorithms that calculate and measure, the laws that govern, and the models that teach. She vividly illustrates how rules can change—how s...",History
458,Islam in the Balkans,H. T. Norris,3.64,0872499774,9780872499775,en,336,6236,311,623,1559,2494,1249,1993,1993,Islam in the Balkans,https://books.google.com/books/content?id=RGmzir-ITtUC&printsec=frontcover&img=1&zoom=1&edge=curl&source=gbs_api,Univ of South Carolina Press,"From the earliest times, also, many Balkan Muslim soldiers and bureaucrats, as well as scholars and poets, made an impact on the wider Islamic world, the most prominent being Mohammed Ali, the founder of modern Egypt.",History
459,Avoiding Armageddon,Bruce O. Riedel,2.46,081572408X,9780815724087,en,250,6913,2073,1728,1382,1036,694,2013,2013,Avoiding Armageddon,https://books.google.com/books/content?id=H6n3_GJfScsC&printsec=frontcover&img=1&zoom=1&edge=curl&source=gbs_api,Brookings Institution Press,"""Traces the history of the United States, India, and Pakistan as British colonies and their interaction in the twentieth and twenty-first centuries, particularly in regard to relations between India and Pakistan, nuclear proliferation, the global jihad movement, and U.S. diplomatic efforts to stabilize conditions on the subcontinent""--Provided by publisher.",History
460,The Shaolin Monastery,Meir Shahar,5.0,0824831101,9780824831103,en,298,1,0,0,0,0,1,2008,2008,The Shaolin Monastery,https://books.google.com/books/content?id=KiNEB0H6S0EC&printsec=frontcover&img=1&zoom=1&edge=curl&source=gbs_api,University of Hawaii Press,"This meticulously researched and eminently readable study considers the economic, political, and religious factors that led Shaolin monks to disregard the Buddhist prohibition against violence and instead create fighting techniques that by the 21st century have spread throughout the world.",History
461,Undoing Gender,Judith Butler,5.0,0415969239,9780415969239,en,292,1,0,0,0,0,1,2004,2004,Undoing Gender,https://books.google.com/books/content?id=Pepy2_OXEe4C&printsec=frontcover&img=1&zoom=1&edge=curl&source=gbs_api,Psychology Press,"First Published in 2004. Routledge is an imprint of Taylor & Francis, an informa company.",History
462,Diplomacy,Henry Kissinger,5.0,1471104494,9781471104497,en,846,1,0,0,0,0,1,2012,2012,Diplomacy,https://books.google.com/books/content?id=HhfceQZ3pmoC&printsec=frontcover&img=1&zoom=1&edge=curl&source=gbs_api,Simon and Schuster,"'Kissinger's absorbing book tackles head-on some of the toughest questions of our time . . . Its pages sparkle with insight' Simon Schama in the NEW YORKER Spanning more than three centuries, from Cardinal Richelieu to the fragility of the 'New World Order', DIPLOMACY is the now-classic history of international relations by the former Secretary of State and winner of the Nobel Peace Prize. Kissinger's intimate portraits of world leaders, many from personal experience, provide the reader with a unique insight into what really goes on -- and why -- behind the closed doors of the corridors of power. 'Budding diplomats and politicians should read it as avidly as their predecessors read Machiavelli' Douglas Hurd in the DAILY TELEGRAPH 'If you want to pay someone a compliment, give them Henry Kissinger's DIPLOMACY ... It is certainly one of the best, and most enjoyable [books] on international relations past and present ... DIPLOMACY should be read for the sheer historical sweep, the char...",History
463,The Last Mughal,William Dalrymple,4.5,0307267393,9780307267399,en,586,2,0,0,0,0,2,2007,2007,The Last Mughal,https://books.google.com/books/content?id=zlEDvkhEmL8C&printsec=frontcover&img=1&zoom=1&edge=curl&source=gbs_api,Vintage,"In this evocative study of the fall of the Mughal Empire and the beginning of the Raj, award-winning historian William Dalrymple uses previously undiscovered sources to investigate a pivotal moment in history. The last Mughal emperor, Zafar, came to the throne when the political power of the Mughals was already in steep decline. Nonetheless, Zafar—a mystic, poet, and calligrapher of great accomplishment—created a court of unparalleled brilliance, and gave rise to perhaps the greatest literary renaissance in modern Indian history. All the while, the British were progressively taking over the Emperor's power. When, in May 1857, Zafar was declared the leader of an uprising against the British, he was powerless to resist though he strongly suspected that the action was doomed. Four months later, the British took Delhi, the capital, with catastrophic results. With an unsurpassed understanding of British and Indian history, Dalrymple crafts a provocative, revelatory account of one the blo...",History
464,The Black Death,NA NA,3.42,1137103493,9781137103499,en,215,4891,489,733,1956,1222,491,2016,2016,The Black Death,https://books.google.com/books/content?id=_LcYDAAAQBAJ&printsec=frontcover&img=1&zoom=1&edge=curl&source=gbs_api,Springer,"A fascinating account of the phenomenon known as the Black Death, this volume offers a wealth of documentary material focused on the initial outbreak of the plague that ravaged the world in the 14th century. A comprehensive introduction that provides important background on the origins and spread of the plague is followed by nearly 50 documents organized into topical sections that focus on the origin and spread of the illness; the responses of medical practitioners; the societal and economic impact; religious responses; the flagellant movement and attacks on Jews provoked by the plague; and the artistic response. Each chapter has an introduction that summarizes the issues explored in the documents; headnotes to the documents provide additional background material. The book contains documents from many countries - including Muslim and Byzantine sources - to give students a variety of perspectives on this devastating illness and its consequences. The volume also includes illustrations...",History
465,Proclaiming the Truman Doctrine,Denise M. Bostdorff,4.43,1603440321,9781603440325,en,216,8032,160,642,1204,2811,3215,2008,2008,Proclaiming the Truman Doctrine,https://books.google.com/books/content?id=Ido0GH1-Dx8C&printsec=frontcover&img=1&zoom=1&edge=curl&source=gbs_api,Texas A&M University Press,"In this work, Denise M. Bostdorff considers President Truman’s address to a joint session of Congress on March 12, 1947. She focuses on the public and private language that influenced administration perceptions about the precipitating events in Greece and Turkey and explores the news management campaign that set the stage for Truman’s speech. Bostdorff even examines how the president’s health may have influenced his policy decision and how it affected his delivery of the address and campaign for congressional approval. After a rhetorical analysis of the Truman Doctrine speech, the book ends with Bostdorff’s conclusions on its short- and long-term impact. She identifies themes announced by Truman that resound in U.S. foreign policy down to the present day, when George W. Bush has compared his policies in the war on terror to those of Truman and members of his administration have compared Bush to Truman. This important work is a major contribution to scholarship on the presidency, pol...",Biography & Autobiography
466,War Beneath the Sea,Peter Padfield,2.72,9112050124,419873507116,en,600,825,247,206,165,123,84,1995,1995,War Beneath the Sea,https://books.google.com/books/content?id=1YwhAAAAMAAJ&printsec=frontcover&img=1&zoom=1&source=gbs_api,John Wiley & Sons,"""Peter Padfield is the best British naval historian of his generation now working. [This] book . . . will now become the standard work on the subject.""––John Keegan ""A fascinating and great contribution to the entire lore of submarines.""––Capt. Edward L. Beach, USN (ret.), author of Run Silent, Run Deep War Beneath the Sea is the definitive account of one of the most turbulent—and crucial—chapters of World War II. This is the first book to cover all the major submarine campaigns of the war: British, American, German, Japanes, and Italian. Padfield′s suspense–filled battle accounts vividly capture the tension and challenge of war beneath the sea. PETER PADFIELD (England) is a leading naval and military historian. He is the author of Guns at Sea, Armada, Tides of Empire , and Donitz: The Last Furher .",History
467,The Myth of Disenchantment,Jason Ananda Josephson Storm,4.44,022640336X,9780226403366,en,428,8933,178,714,1339,3126,3576,2017,2017,The Myth of Disenchantment,https://books.google.com/books/content?id=j5UtDwAAQBAJ&printsec=frontcover&img=1&zoom=1&edge=curl&source=gbs_api,University of Chicago Press,"A great many theorists have argued that the defining feature of modernity is that people no longer believe in spirits, myths, or magic. Jason Ā. Josephson-Storm argues that as broad cultural history goes, this narrative is wrong, as attempts to suppress magic have failed more often than they have succeeded. Even the human sciences have been more enchanted than is commonly supposed. But that raises the question: How did a magical, spiritualist, mesmerized Europe ever convince itself that it was disenchanted? Josephson-Storm traces the history of the myth of disenchantment in the births of philosophy, anthropology, sociology, folklore, psychoanalysis, and religious studies. Ironically, the myth of mythless modernity formed at the very time that Britain, France, and Germany were in the midst of occult and spiritualist revivals. Indeed, Josephson-Storm argues, these disciplines’ founding figures were not only aware of, but profoundly enmeshed in, the occult milieu; and it was specifical...",History
468,The Year that Changed the World,Michael Meyer,1.88,1849831998,9781849831994,en,343,9758,2927,2439,1951,1463,978,2010,2010,The Year that Changed the World,https://books.google.com/books/content?id=WVnn_uHtnw8C&printsec=frontcover&img=1&zoom=1&edge=curl&source=gbs_api,Simon and Schuster,"'Mr Gorbachev, tear down this wall!' This declamation by president Ronald Reagan when visiting Berlin in 1987 is widely cited as the clarion call that brought the Cold War to an end. The West had won, so this version of events goes, because the West had stood firm. American and Western European resoluteness had brought an evil empire to its knees. Michael Meyer, in this extraordinarily compelling account of the revolutions that roiled Eastern Europe in 1989, begs to differ. Drawing together breathtakingly vivid, on-the-ground accounts of the rise of Solidarity in Poland, the stealth opening of the Hungarian border, the Velvet Revolution in Prague, and the collapse of the infamous wall in Berlin, Meyer shows that western intransigence was only one of the many factors that provoked such world-shaking change. More important, Meyer contends, were the stands taken by individuals in the thick of the struggle, leaders such as poet and playwright Vaclav Havel in Prague; Lech Walesa; the qui...",History
469,Jews in the Japanese Mind,"David G. Goodman, Masanori Miyazawa",2.12,0739101676,9780739101674,en,438,9639,2891,2409,1927,1445,967,2000,2000,Jews in the Japanese Mind,https://books.google.com/books/content?id=R_PQLj2D1DQC&printsec=frontcover&img=1&zoom=1&edge=curl&source=gbs_api,Lexington Books,"Why are the Japanese fascinated with the Jews? By showing that the modern attitude is the result of a process of accretion begun 200 years ago, this book describes the development behind Japanese ideas of Jews and how these images are reflected in their modern intellectual life",History
470,Historical Dictionary of Afghanistan,"Thomas H. Johnson, Ludwig W. Adamec",4.48,153814929X,9781538149294,en,781,1431,28,114,214,500,575,2021,2021,Historical Dictionary of Afghanistan,https://books.google.com/books/content?id=TdgnEAAAQBAJ&printsec=frontcover&img=1&zoom=1&edge=curl&source=gbs_api,Rowman & Littlefield,"Afghanistan is an extremely complex and nuanced country that has been one of the centers of imperial conflict at least for 150 years. From the Czarist Russia’s march south in the 19th Century threatening British India, three Anglo-Afghan Wars, the Soviet Invasion and occupation of Afghanistan starting in December 1979 and the resulting anti-Soviet Jihad by the Afghan Mujahideen to Kabul’s and their allies’ (U.S. and NATO) conflict with the Taliban, Afghanistan has been one of the centers of important international and regional conflicts and events. Historical Dictionary of Afghanistan, Fifth Edition contains a chronology, an introduction, and an extensive bibliography. The dictionary section has more than 1,000 cross-referenced entries on important personalities as well as aspects of the country’s politics, economy, foreign relations, religion, and culture. This book is an excellent resource for students, researchers, and anyone wanting to know more about Afghanistan.",History
471,Let's Swallow Switzerland!,Klaus Urner,1.47,0739102559,9780739102558,en,252,4693,1407,1173,938,703,472,2001,2001,Let's Swallow Switzerland!,https://books.google.com/books/content?id=Z62b3jOPV60C&printsec=frontcover&img=1&zoom=1&edge=curl&source=gbs_api,Lexington Books,"Klaus Urner has discovered proof that Hitler wanted to ""rub out"" Switzerland. The planned occupation of the country was, however, postponed for a short time and in the end did not materialize. Switzerland was the only country in Western Europe that did not suffer military invasion in World War II. It made itself indispensable to both sides and survived in the eye of the hurricane that was Nazi aggression. ""Let's Swallow Switzerland"", including archival photographs, original color maps, and reprints of secret documents, sets new standards for the investigation of this important chapter of twentieth-century history.",Biography & Autobiography
472,Looking for Spinoza,Antonio R. Damasio,4.0,0156028719,9780156028714,en,372,5,0,0,0,1,4,2003,2003,Looking for Spinoza,https://books.google.com/books/content?id=iZzPyJID9RUC&printsec=frontcover&img=1&zoom=1&edge=curl&source=gbs_api,Houghton Mifflin Harcourt,Publisher Description,Medical
473,Modern Brazil,"Michael L. Conniff, Frank D. McCann",1.93,0803263481,9780803263482,en,340,8816,2644,2204,1763,1322,883,1991,1991,Modern Brazil,https://books.google.com/books/content?id=UhbQdNXVtKYC&printsec=frontcover&img=1&zoom=1&edge=curl&source=gbs_api,U of Nebraska Press,"Modern Brazil, a collection of original essays, views the largest country in South America through the multiple lenses of political science, economics, telecommunications, and religion. The editors, Michael L. Conniff and Frank D. McCann, have provided a frame for this analysis of a complex society by centering on the elites, those who run national affairs, and the masses, those poor and working-class people who have little direct influence on them. Discussing the political elites from regional, national, and military standpoints are, respectively, Joseph L. Love and Bert J. Barickman, Conniff, and McCann. The economic elites, notably businessmen and industrialists, are analyzed by Steven Topik and Eli Diniz. The masses are considered in chapters by Eul Soo Pang, Thomas Holloway, and Michael Hall and Marco Aurelio Garc�a. Sam Adamo views the historical situation of blacks and mulattos in Brazil. In the final section, examining connections between the elites and masses, Robert M. Lev...",History
474,"The Journey of William of Rubruck to the Eastern Parts of the World, 1253-55",William Woodville Rockhill,1.73,1317026586,9781317026587,en,287,5175,1552,1293,1035,776,519,2017,2017,"The Journey of William of Rubruck to the Eastern Parts of the World, 1253-55",https://books.google.com/books/content?id=LAgkDwAAQBAJ&printsec=frontcover&img=1&zoom=1&edge=curl&source=gbs_api,Taylor & Francis,"The texts of Willem van Ruusbroec and Giovanni da Pian del Carpine, translated from the Latin and edited, with an Introductory Notice. See also Second Series 173. This is a new print-on-demand hardback edition of the volume first published in 1900.",History
475,The Usable Past,"Keith S. Brown, Yannis Hamilakis",3.71,0739103849,9780739103845,en,260,7230,361,723,1807,2892,1447,2003,2003,The Usable Past,https://books.google.com/books/content?id=2NIBVfBX99oC&printsec=frontcover&img=1&zoom=1&edge=curl&source=gbs_api,Lexington Books,"In this volume, scholars of history, archaeology and anthropology explore the located and contextual nature of historical narratives, analysing contested historical rituals, building style, and traditions, .",Drama
476,Rethinking German History (Routledge Revivals),Richard J. Evans,4.4,131753963X,9781317539636,en,341,463,9,37,69,162,186,2015,2015,Rethinking German History (Routledge Revivals),https://books.google.com/books/content?id=rfpWCgAAQBAJ&printsec=frontcover&img=1&zoom=1&edge=curl&source=gbs_api,Routledge,"In Rethinking German History, first published in 1987, Richard J. Evans argues for a social-historical approach to the German past that pays equal attention to objective social structures and subjective values and experiences. If German history has been seen as an exception to the ‘normal’ development of Western society, this is not least because historians have until recently largely failed to look beyond the world of high politics, institutions, organizations and ideologies to broader historical problems of German society and German mentalities. By applying and adapting approaches learned from French and British social history as they have been developed over the last quarter of a century, it is possible to achieve a rethinking of German history which does away with many of the textbook myths that have encrusted the historiogrpahy of Germany for so long. This book will be valuable for students of German history and politics, and brings together essays widely used in teaching. Its ...",History
477,"The Third Reich in Power, 1933 - 1939",Richard J. Evans,2.9,0718196813,9780718196813,en,1443,5250,1575,1312,1050,787,526,2012,2012,"The Third Reich in Power, 1933 - 1939",https://books.google.com/books/content?id=EBD6KEMrY5sC&printsec=frontcover&img=1&zoom=1&edge=curl&source=gbs_api,Penguin UK,"The Third Reich in Power examines how it was possible for a group of ideological obsessive to remould a society famous for its sophistication and complexity into a one-party state directed at war and race hate. Richard J. Evans shows how the Nazis won over the hearts and minds of German citizens, twisted science, religion and culture, and transformed the economy, education, law and order to achieve total dominance in German politics and society. Drawing on an extraordinary range of research, blending narrative, description and analysis he creates a picture of a dictatorship consumed by visceral hatreds and ambitions and driven by war.",History
478,Robinson Crusoe (Collins Classics),Daniel Defoe,1.53,0007382499,9780007382491,en,44,2138,641,534,427,320,216,2010,2010,Robinson Crusoe (Collins Classics),https://books.google.com/books/content?id=eIEghZ7obdUC&printsec=frontcover&img=1&zoom=1&edge=curl&source=gbs_api,HarperCollins UK,"HarperCollins is proud to present a range of best-loved, essential classics.",Fiction
479,Imperial Twilight,Stephen R. Platt,1.77,0307961745,9780307961747,en,609,3733,1119,933,746,559,376,2018,2018,Imperial Twilight,https://books.google.com/books/content?id=WOExDwAAQBAJ&printsec=frontcover&img=1&zoom=1&edge=curl&source=gbs_api,Vintage,"As China reclaims its position as a world power, Imperial Twilight looks back to tell the story of the country’s last age of ascendance and how it came to an end in the nineteenth-century Opium War. As one of the most potent turning points in the country’s modern history, the Opium War has since come to stand for everything that today’s China seeks to put behind it. In this dramatic, epic story, award-winning historian Stephen Platt sheds new light on the early attempts by Western traders and missionaries to “open” China even as China’s imperial rulers were struggling to manage their country’s decline and Confucian scholars grappled with how to use foreign trade to China’s advantage. The book paints an enduring portrait of an immensely profitable—and mostly peaceful—meeting of civilizations that was destined to be shattered by one of the most shockingly unjust wars in the annals of imperial history. Brimming with a fascinating cast of British, Chinese, and American characters, this ...",History
480,Hunting Eichmann,Neal Bascomb,5.0,0618858679,9780618858675,en,409,4,0,0,0,1,3,2009,2009,Hunting Eichmann,https://books.google.com/books/content?id=QUUKD_bSht0C&printsec=frontcover&img=1&zoom=1&edge=curl&source=gbs_api,Houghton Mifflin Harcourt,"With the intrigue of a detective story, ""Hunting Eichmann"" follows the Nazi as he escapes two American POW camps, hides in the mountains, and builds an anonymous life in Buenos Aires, before finally being captured and brought to trial.",Biography & Autobiography
481,The Last Empire,Serhii Plokhy,1.25,0465097928,9780465097920,en,428,8257,2477,2064,1651,1238,827,2015,2015,The Last Empire,https://books.google.com/books/content?id=cOM4DgAAQBAJ&printsec=frontcover&img=1&zoom=1&edge=curl&source=gbs_api,Hachette UK,"The New York Times bestselling author of The Gates of Europe offers “a stirring account of an extraordinary moment” in Russian history (Wall Street Journal) On Christmas Day, 1991, President George H. W. Bush addressed the nation to declare an American victory in the Cold War: earlier that day Mikhail Gorbachev had resigned as the first and last Soviet president. The enshrining of that narrative, one in which the end of the Cold War was linked to the disintegration of the Soviet Union and the triumph of democratic values over communism, took center stage in American public discourse immediately after Bush's speech and has persisted for decades -- with disastrous consequences for American standing in the world. As prize-winning historian Serhii Plokhy reveals in The Last Empire, the collapse of the Soviet Union was anything but the handiwork of the United States. Bush, in fact, was firmly committed to supporting Gorbachev as he attempted to hold together the USSR in the face of growi...",History
482,The Light of Asia,Sir Edwin Arnold,3.15,7161491028,7969193152648,en,338,6811,681,1021,2724,1702,683,1890,1890,The Light of Asia,https://books.google.com/books/content?id=Ae2MBqG9bGkC&printsec=frontcover&img=1&zoom=1&edge=curl&source=gbs_api,Macmillan Publishers,This is a fictional description for the book 'The Light of Asia' by Sir Edwin Arnold.,History
483,Ancient Iraq,Georges Roux,5.0,0141938250,9780141938257,en,492,1,0,0,0,0,1,1992,1992,Ancient Iraq,https://books.google.com/books/content?id=klZX8B_RzzYC&printsec=frontcover&img=1&zoom=1&edge=curl&source=gbs_api,Penguin UK,"Book provides an introduction to the history of ancient Mesopotamia and its civilizations, incorporating archaeological and historical finds up to 1992",History
484,Egyptomania,Ronald H. Fritze,1.95,1780236859,9781780236858,en,446,6331,1899,1582,1266,949,635,2021,2021,Egyptomania,https://books.google.com/books/content?id=vkSkDQAAQBAJ&printsec=frontcover&img=1&zoom=1&edge=curl&source=gbs_api,Reaktion Books,"Egyptomania takes us on a historical journey to unearth the Egypt of the imagination, a land of strange gods, mysterious magic, secret knowledge, monumental pyramids, enigmatic sphinxes, and immense wealth. Egypt has always exerted a powerful attraction on the Western mind, and an array of figures have been drawn to the idea of Egypt. Even the practical-minded Napoleon dreamed of Egyptian glory and helped open the antique land to explorers. Ronald H. Fritze goes beyond art and architecture to reveal Egyptomania’s impact on religion, philosophy, historical study, literature, travel, science, and popular culture. All those who remain captivated by the ongoing phenomenon of Egyptomania will revel in the mysteries uncovered in this book.",Social Science
485,Germany and the Germans,"John Ardagh, Katharina Ardagh",1.45,5641937297,7762821839168,en,634,4021,1206,1005,804,603,403,1995,1995,Germany and the Germans,https://books.google.com/books/content?id=FCQEAQAAIAAJ&printsec=frontcover&img=1&zoom=1&source=gbs_api,Penguin Mass Market,Captures the diversity and contradicitons of Germany in the mid-1990s.,History
486,The Expression of the Emotions in Man and Animals,Charles Darwin,2.04,5976100739,3976243872788,en,406,4358,1307,1089,871,653,438,1872,1872,The Expression of the Emotions in Man and Animals,https://books.google.com/books/content?id=oNdRAAAAcAAJ&printsec=frontcover&img=1&zoom=1&edge=curl&source=gbs_api,Createspace Independent Publishing Platform,"MANY works have been written on Expression, but a greater number on Physiognomy, that is, on the recognition of character through the study of the permanent form of the features. With this latter subject I am not here concerned. The older treatises, which I have consulted, have been of little or no service to me. The famous 'Conferences' of the painter Le Brun, published in 1667, is the best known ancient work, and contains some good remarks. Another somewhat old essay, namely, the 'Discours, ' delivered 1774-1782, by the well-known Dutch anatomist Camper, can hardly be considered as having made any marked advance in the subject. The following works, on the contrary, deserve the fullest consideration",Comics & Graphic Novels
487,Great Catastrophe,Thomas De Waal,2.47,0199350698,9780199350698,en,321,4832,1449,1208,966,724,485,2015,2015,Great Catastrophe,https://books.google.com/books/content?id=4qKbBQAAQBAJ&printsec=frontcover&img=1&zoom=1&edge=curl&source=gbs_api,"Oxford University Press, USA","Drawing on archival sources, reportage and moving personal stories, de Waal tells the full story of Armenian-Turkish relations since the Genocide in all its extraordinary twists and turns. He looks behind the propaganda to examine the realities of a terrible historical crime and the divisive ""politics of genocide"" it produced.",History
488,The Old Ways,Robert Macfarlane,1.22,0241143810,9780241143810,en,373,4754,1426,1188,950,713,477,2012,2012,The Old Ways,https://books.google.com/books/content?id=goRITzlvKQQC&printsec=frontcover&img=1&zoom=1&source=gbs_api,Penguin UK,"The Old Ways is the stunning new book by acclaimed nature writer Robert Macfarlane.Shortlisted for the Samuel Johnson prize 2012In The Old Ways Robert Macfarlane sets off from his Cambridge home to follow the ancient tracks, holloways, drove-roads and sea paths that form part of a vast network of routes criss-crossing the British landscape and its waters, and connecting them to the continents beyond. The result is an immersive, enthralling exploration of the ghosts and voices that haunt old paths, of the stories our tracks keep and tell, of pilgrimage and ritual, and of songlines and their singers. Above all this is a book about people and place: about walking as a reconnoitre inwards, and the subtle ways in which we are shaped by the landscapes through which we move.Told in Macfarlane's distinctive and celebrated voice, the book folds together natural history, cartography, geology, archaeology and literature. His tracks take him from the chalk downs of England to the bird-islands o...",Biography & Autobiography
489,The Invention of the Restaurant,Rebecca L. Spang,1.3,067424401X,9780674244016,en,353,951,285,237,190,142,97,2020,2020,The Invention of the Restaurant,https://books.google.com/books/content?id=jzbDDwAAQBAJ&printsec=frontcover&img=1&zoom=1&edge=curl&source=gbs_api,Harvard University Press,"Winner of the Louis Gottschalk Prize Winner of the Thomas J. Wilson Memorial Prize “Witty and full of fascinating details.” —Los Angeles Times Why are there restaurants? Why would anybody consider eating alongside perfect strangers in a loud and crowded room to be an enjoyable pastime? To find the answer, Rebecca Spang takes us back to France in the eighteenth century, when a restaurant was not a place to eat but a quasi-medicinal bouillon not unlike the bone broths of today. This is a book about the French revolution in taste—about how Parisians invented the modern culture of food, changing the social life of the world in the process. We see how over the course of the Revolution, restaurants that had begun as purveyors of health food became symbols of aristocratic greed. In the early nineteenth century, the new genre of gastronomic literature worked within the strictures of the Napoleonic state to transform restaurants yet again, this time conferring star status upon oysters and ch...",History
490,Peace Process,William B. Quandt,5.0,0520246314,9780520246317,en,558,1,0,0,0,0,1,2005,2005,Peace Process,https://books.google.com/books/content?id=6Jm0YNKvQsAC&printsec=frontcover&img=1&zoom=1&edge=curl&source=gbs_api,Univ of California Press,"Updated through the first term of President George W. Bush, this edition analyses how each US president since Lyndon Johnson has dealt with the complex challenge of Arab-Israeli peacemaking.",History
491,Empowerment of Women Through Self Help Groups,G. Sreeramulu,3.12,8178355019,9788178355016,en,334,7515,751,1127,3006,1878,753,2006,2006,Empowerment of Women Through Self Help Groups,https://books.google.com/books/content?id=Mmtn9-YpF6EC&printsec=frontcover&img=1&zoom=1&edge=curl&source=gbs_api,Gyan Books,"The book is an in-depth study of Empowerment of Women Through Self Help Groups. It covers the problems and perspectives of Self Help Groups and suggest several measures. The study has evaluated the implementation of several schemes in Anantapur District in particular and in Andhra Pradesh in general such as rearing goats, dairying, petty business activities, making of soft toys and so on. The findings are very much encouraging, such as Women are now managing their families, Panchayat Raj Institutions, are able to concentrate on their children s education and health. Contents include: Introduction, Public Policy Theoretical Perspectives, Evaluation, Aims and Objectctives of Self Help Groups in Anantapur District, Socio-Economic Background of the Sample Study, Problems and perspectives of Self Help Groups, Performance of Self Help Groups and Conclusion. This outstanding Text-cum-Reference book will be of great use to Scholars, Administrators, Planners, Policy-makers, Statesmen and Stu...",Political Science
492,Dual-Process Theories in Moral Psychology,Cordula Brand,5.0,3658120533,9783658120535,en,422,1,0,0,0,0,1,2016,2016,Dual-Process Theories in Moral Psychology,https://books.google.com/books/content?id=nQ3NCwAAQBAJ&printsec=frontcover&img=1&zoom=1&edge=curl&source=gbs_api,Springer,"This anthology offers a unique collection of contributions focusing on the discussion about the so-called dual-process theories within the field of moral psychology. In general, dual-process theories state that in cognitive systems, two sorts of processes can be differentiated: an affective, associative process and an analytical, rule-based process. This distinction recently entered the debate on the relationship between intuitive and rational approaches to explaining the phenomenon of moral judgment. The increasing interest in these theories raises questions concerning their general impact on social contexts. The anthology aims at presenting stepping-stones of an analysis of the merits and drawbacks of this development. For that purpose, the authors discuss general questions concerning the relationship between ethics and empirical sciences, methodological questions, reassessments of established terminology and societal implications of dual-process theories in moral psychology.",Philosophy
493,Reasons Without Persons,Brian Hedden,2.82,0198732597,9780198732594,en,219,9852,2955,2463,1970,1477,987,2015,2015,Reasons Without Persons,https://books.google.com/books/content?id=NMerCAAAQBAJ&printsec=frontcover&img=1&zoom=1&edge=curl&source=gbs_api,"Oxford University Press, USA","Brian Hedden defends a radical view about rationality, personal identity, and time. He argues that what it is rational to do should not depend on your past beliefs or actions, which are not part of your current perspective on the world. His impersonal approach holds that what rationality demands of you is solely determined by your evidence.",Philosophy
494,Constructing the Self in a Mediated World,"Debra Grodin, Thomas R. Lindlof",3.18,0803970129,9780803970120,en,239,1576,157,236,630,394,159,1996,1996,Constructing the Self in a Mediated World,https://books.google.com/books/content?id=QZU5DQAAQBAJ&printsec=frontcover&img=1&zoom=1&edge=curl&source=gbs_api,SAGE,"In today's media-saturated world, identities are no longer built solely within the close-knit communities of family, neighborhood, school, and work. Today media are part of our world and therefore play an important role in the formulations of our identities or constructions of self. In a truly postmodern mode, Constructing the Self in a Mediated World not only brings together the usually segregated areas of interpersonal and mass communication but also incorporates works from scholars in sociology, psychology, and women's studies as well. Each essay examines our understanding of self in a different context of mediated culture within a specific framework of interpretive theories such as critical theory, social constructionist theory, and feminism. This volume provides insights into issues of self and identity in contemporary mediated culture. Designed for advanced students and experienced researchers in communication (both media and interpersonal), sociology, psychology, and women's ...",Language Arts & Disciplines
495,Revisiting the Use of Self,Deena Mandell,2.09,1551303345,9781551303345,en,254,8731,2619,2182,1746,1309,875,2007,2007,Revisiting the Use of Self,https://books.google.com/books/content?id=R9hgnEV6RfsC&printsec=frontcover&img=1&zoom=1&edge=curl&source=gbs_api,Canadian Scholars’ Press,"Offers the reader a historical/developmental overview of the concept of 'use of self' and explores its adequacy for contemporary ethical practice. This book provides the reader with first-person, practitioners' accounts of their own 'use of self' in examples of reflective practice approaches. It broadens the scope of the concept of 'use of self'.",Political Science
496,Liberation in the Face of Uncertainty,Hubert J. M. Hermans,3.03,1108844405,9781108844406,en,349,5029,502,754,2011,1257,505,2022,2022,Liberation in the Face of Uncertainty,https://books.google.com/books/content?id=GCZTEAAAQBAJ&printsec=frontcover&img=1&zoom=1&edge=curl&source=gbs_api,Cambridge University Press,"This book uses Dialogical Self Theory to respond to the challenges of climate change, well-being, and disenchantment of the world.",Psychology
497,Remembering the Falklands War,Sarah Maltby,2.63,1137556609,9781137556608,en,184,1247,374,311,249,187,126,2016,2016,Remembering the Falklands War,https://books.google.com/books/content?id=vfWODAAAQBAJ&printsec=frontcover&img=1&zoom=1&edge=curl&source=gbs_api,Springer,"This book offers an empirically informed understanding of how identity and agency become wholly embedded within practices of media-remembering. It draws upon data collected from the British military, the BBC and Falkland Islanders during the 30th Anniversary of the Falklands war to uniquely offer multiple perspectives on a single ‘remembering’ phenomenon. The study offers an analysis of the convergence, interconnectedness and interdependence of media and remembering, specifically the production, interpretation and negotiation of remembering in the media ecology. In so doing it not only examines the role of media in the formation and sustaining of collective memory but also the ways those who remember or are remembered in media texts become implicated in these processes.",History
498,Measuring Ego Development,"Jane Loevinger, Ruth Wessler",1.83,5380528646,6063731596714,en,488,5384,1615,1346,1076,807,540,1970,1970,Measuring Ego Development,https://books.google.com/books/content?id=cod9AAAAMAAJ&printsec=frontcover&img=1&zoom=1&source=gbs_api,Cambridge University Press,"This is a fictional description for the book 'Measuring Ego Development' by Jane Loevinger, Ruth Wessler.",Ego (Psychology)
499,Ego Psychology and Social Work Practice,Eda Goldstein,4.96,0029121507,9780029121504,en,392,690,6,27,69,172,416,1995,1995,Ego Psychology and Social Work Practice,https://books.google.com/books/content?id=hMmd3Rq13ZAC&printsec=frontcover&img=1&zoom=1&edge=curl&source=gbs_api,Simon and Schuster,"While ego psychological theory still holds a pre-eminent position in clinical social work practice, the field has changed in many ways. This revised edition addresses these major changes, bringing the reader up to date.",Psychology
500,Psychotherapy and the Grandiose Patient,E. Mark Stern,2.5,0866569464,9780866569460,en,224,1850,555,462,370,277,186,1989,1989,Psychotherapy and the Grandiose Patient,https://books.google.com/books/content?id=Iz7EzgD2fb4C&printsec=frontcover&img=1&zoom=1&edge=curl&source=gbs_api,Psychology Press,"Here is a practical and thorough volume for any mental health professional who is working with grandiose clients. Using helpful background information and vignettes from clinical contact with their own clients, a number of psychotherapists provide new and enlightening insights into the person who displays an exaggerated sense of self-importance, a constant need for attention and admiration, a sense of entitlement, and an inability to identify and experience how others feel. Learn all about the theoretical basis of grandiosity, the functional and dysfunctional aspects of grandiosity, the possible etiological bases for the onset and maintenance of grandiosity in behavior and attitude, and the sources and consequences of grandiosity in psychotherapists, especially in interaction with grandiosity in patients. You will also better understand the relationship between grandiosity and narcissim, and the relationship between grandiosity and alcoholism, including suggestions for treating alco...",Psychology
